Workbook

Sheet Previsão de Cargas
A1: Central de Comando de Motores | B1: CCM
A2: Valor Nominal da Tensão de Linha | B2: 380 | C2: V
A3: DADOS DE ENTRADA | O3: DADOS DE ENTRADA
A4: Circuito | B4: Origem | C4: Destino | D4: PN - Potência Nominal [HP] | E4: F.P. | F4: Kp (Ip/In) | G4: η - Rendimento [%] | H4: FS - Fator de Serviço | I4: P Potência Ativa [kW] | J4: S Potência Aparente [kVA] | K4: Q Potência Reativa [kVAr] | L4: Corrente | O4: Circuito | P4: Origem | Q4: Destino | R4: Potência Ativa TOTAL (P) [kW] | S4: Potência Reativa TOTAL (Q) [kVAr] | T4: Potência Aparente TOTAL (S) [kVA] | U4: Corrente
L5: IN [A] | M5: IP [A] | U5: IN [A]
A6: 50 - TUE M1 | B6: CCM1 | C6: Colagem e Montagem | D6: 5 | E6: 0.77 | F6: 8.3 | G6: 89.5 | H6: 1.25 | I6: =D6*0.745/(G6/100) -> 4.1620112 | J6: =I6/E6 -> 5.4052093 | K6: =SQRT(J6^2-I6^2) -> 3.4487608 | L6: =J6*1000/(SQRT(3)*$B$2) -> 8.2123659 | M6: =F6*L6 -> 68.162637 | O6: Alimentador QD1 | P6: QGBT | Q6: QD1 | R6: 55.961 | S6: 40.536424 | T6: =SQRT(R6^2+S6^2) -> 69.100182 | U6: 120.96539
A7: 51 - TUE M2 | D7: 5 | E7: 0.77 | F7: 8.3 | G7: 89.5 | H7: 1.25 | I7: =D7*0.745/(G7/100) -> 4.1620112 | J7: =I7/E7 -> 5.4052093 | K7: =SQRT(J7^2-I7^2) -> 3.4487608 | L7: =J7*1000/(SQRT(3)*$B$2) -> 8.2123659 | M7: =F7*L7 -> 68.162637 | O7: Alimentador QD2 | Q7: QD2 | R7: 77.6251 | S7: 54.400025 | T7: =SQRT(R7^2+S7^2) -> 94.789339 | U7: 161.92454
A8: 52 - TUE M3 | D8: 5 | E8: 0.77 | F8: 8.3 | G8: 89.5 | H8: 1.25 | I8: =D8*0.745/(G8/100) -> 4.1620112 | J8: =I8/E8 -> 5.4052093 | K8: =SQRT(J8^2-I8^2) -> 3.4487608 | L8: =J8*1000/(SQRT(3)*$B$2) -> 8.2123659 | M8: =F8*L8 -> 68.162637 | O8: Alimentador QD3 | Q8: QD3 | R8: 19.5458 | S8: 9.082416 | T8: =SQRT(R8^2+S8^2) -> 21.552925 | U8: 42.545059
A9: 53 - TUE M4 | D9: 5 | E9: 0.77 | F9: 8.3 | G9: 89.5 | H9: 1.25 | I9: =D9*0.745/(G9/100) -> 4.1620112 | J9: =I9/E9 -> 5.4052093 | K9: =SQRT(J9^2-I9^2) -> 3.4487608 | L9: =J9*1000/(SQRT(3)*$B$2) -> 8.2123659 | M9: =F9*L9 -> 68.162637 | O9: Alimentador QD4 | Q9: QD4 | R9: 22.596 | S9: 9.4807533 | T9: =SQRT(R9^2+S9^2) -> 24.504365 | U9: 53.023454
A10: 54 - TUE M5 | D10: 15 | E10: 0.83 | F10: 8.3 | G10: 92.4 | H10: 1.25 | I10: =D10*0.745/(G10/100) -> 12.094156 | J10: =I10/E10 -> 14.571272 | K10: =SQRT(J10^2-I10^2) -> 8.1273221 | L10: =J10*1000/(SQRT(3)*$B$2) -> 22.138758 | M10: =F10*L10 -> 183.75169 | O10: Alimentador CCM1 | Q10: CCM1 | R10: =SUM(I6:I13) -> 65.024668 | S10: =SUM(K6:K13) -> 46.304332 | T10: =SQRT(R10^2+S10^2) -> 79.826678 | U10: =T10*1000/(SQRT(3)*$B$2) -> 121.28409
A11: 55 - TUE M6 | D11: 15 | E11: 0.83 | F11: 8.3 | G11: 92.4 | H11: 1.25 | I11: =D11*0.745/(G11/100) -> 12.094156 | J11: =I11/E11 -> 14.571272 | K11: =SQRT(J11^2-I11^2) -> 8.1273221 | L11: =J11*1000/(SQRT(3)*$B$2) -> 22.138758 | M11: =F11*L11 -> 183.75169 | O11: Alimentador CCM2 | Q11: CCM2 | R11: =SUM(I14:I19) -> 79.944496 | S11: =SUM(K14:K19) -> 55.350632 | T11: =SQRT(R11^2+S11^2) -> 97.235872 | U11: =T11*1000/(SQRT(3)*$B$2) -> 147.73462
A12: 56 - TUE M7 | D12: 15 | E12: 0.83 | F12: 8.3 | G12: 92.4 | H12: 1.25 | I12: =D12*0.745/(G12/100) -> 12.094156 | J12: =I12/E12 -> 14.571272 | K12: =SQRT(J12^2-I12^2) -> 8.1273221 | L12: =J12*1000/(SQRT(3)*$B$2) -> 22.138758 | M12: =F12*L12 -> 183.75169 | O12: Alimentador CCM3 | Q12: CCM3 | R12: =SUM(I20:I27) -> 119.73904 | S12: =SUM(K20:K27) -> 83.684688 | T12: =SQRT(R12^2+S12^2) -> 146.0841 | U12: =T12*1000/(SQRT(3)*$B$2) -> 221.95183
A13: 57 - TUE M8 | D13: 15 | E13: 0.83 | F13: 8.3 | G13: 92.4 | H13: 1.25 | I13: =D13*0.745/(G13/100) -> 12.094156 | J13: =I13/E13 -> 14.571272 | K13: =SQRT(J13^2-I13^2) -> 8.1273221 | L13: =J13*1000/(SQRT(3)*$B$2) -> 22.138758 | M13: =F13*L13 -> 183.75169 | O13: Alimentador CCM4 | Q13: CCM4 | R13: =SUM(I28:I29) -> 117.13836 | S13: =SUM(K28:K29) -> 66.385371 | T13: =SQRT(R13^2+S13^2) -> 134.6418 | U13: =T13*1000/(SQRT(3)*$B$2) -> 204.56705
A14: 58 - TUE M9 | B14: CCM2 | C14: Tornear e chanfrar | D14: 10 | E14: 0.84 | F14: 8.2 | G14: 92 | H14: 1.25 | I14: =D14*0.745/(G14/100) -> 8.0978261 | J14: =I14/E14 -> 9.6402692 | K14: =SQRT(J14^2-I14^2) -> 5.2306789 | L14: =J14*1000/(SQRT(3)*$B$2) -> 14.646874 | M14: =F14*L14 -> 120.10436
A15: 59 - TUE M10 | D15: 10 | E15: 0.84 | F15: 8.2 | G15: 92 | H15: 1.25 | I15: =D15*0.745/(G15/100) -> 8.0978261 | J15: =I15/E15 -> 9.6402692 | K15: =SQRT(J15^2-I15^2) -> 5.2306789 | L15: =J15*1000/(SQRT(3)*$B$2) -> 14.646874 | M15: =F15*L15 -> 120.10436
A16: 60 - TUE M11 | D16: 10 | E16: 0.84 | F16: 8.2 | G16: 92 | H16: 1.25 | I16: =D16*0.745/(G16/100) -> 8.0978261 | J16: =I16/E16 -> 9.6402692 | K16: =SQRT(J16^2-I16^2) -> 5.2306789 | L16: =J16*1000/(SQRT(3)*$B$2) -> 14.646874 | M16: =F16*L16 -> 120.10436
A17: 61 - TUE M12 | D17: 10 | E17: 0.84 | F17: 8.2 | G17: 92 | H17: 1.25 | I17: =D17*0.745/(G17/100) -> 8.0978261 | J17: =I17/E17 -> 9.6402692 | K17: =SQRT(J17^2-I17^2) -> 5.2306789 | L17: =J17*1000/(SQRT(3)*$B$2) -> 14.646874 | M17: =F17*L17 -> 120.10436
A18: 62 - TUE M13 | D18: 30 | E18: 0.81 | F18: 8 | G18: 94 | H18: 1.25 | I18: =D18*0.745/(G18/100) -> 23.776596 | J18: =I18/E18 -> 29.353822 | K18: =SQRT(J18^2-I18^2) -> 17.213958 | L18: =J18*1000/(SQRT(3)*$B$2) -> 44.598518 | M18: =F18*L18 -> 356.78815
A19: 63 - TUE M14 | D19: 30 | E19: 0.81 | F19: 8 | G19: 94 | H19: 1.25 | I19: =D19*0.745/(G19/100) -> 23.776596 | J19: =I19/E19 -> 29.353822 | K19: =SQRT(J19^2-I19^2) -> 17.213958 | L19: =J19*1000/(SQRT(3)*$B$2) -> 44.598518 | M19: =F19*L19 -> 356.78815
A20: 64 - TUE M15 | B20: CCM3 | C20: Polimento | D20: 7.5 | E20: 0.78 | F20: 7.3 | G20: 91 | H20: 1.25 | I20: =D20*0.745/(G20/100) -> 6.1401099 | J20: =I20/E20 -> 7.8719358 | K20: =SQRT(J20^2-I20^2) -> 4.9260961 | L20: =J20*1000/(SQRT(3)*$B$2) -> 11.960169 | M20: =F20*L20 -> 87.309234
A21: 65 - TUE M16 | D21: 7.5 | E21: 0.78 | F21: 7.3 | G21: 91 | H21: 1.25 | I21: =D21*0.745/(G21/100) -> 6.1401099 | J21: =I21/E21 -> 7.8719358 | K21: =SQRT(J21^2-I21^2) -> 4.9260961 | L21: =J21*1000/(SQRT(3)*$B$2) -> 11.960169 | M21: =F21*L21 -> 87.309234
A22: 66 - TUE M17 | D22: 7.5 | E22: 0.78 | F22: 7.3 | G22: 91 | H22: 1.25 | I22: =D22*0.745/(G22/100) -> 6.1401099 | J22: =I22/E22 -> 7.8719358 | K22: =SQRT(J22^2-I22^2) -> 4.9260961 | L22: =J22*1000/(SQRT(3)*$B$2) -> 11.960169 | M22: =F22*L22 -> 87.309234
A23: 67 - TUE M18 | D23: 7.5 | E23: 0.78 | F23: 7.3 | G23: 91 | H23: 1.25 | I23: =D23*0.745/(G23/100) -> 6.1401099 | J23: =I23/E23 -> 7.8719358 | K23: =SQRT(J23^2-I23^2) -> 4.9260961 | L23: =J23*1000/(SQRT(3)*$B$2) -> 11.960169 | M23: =F23*L23 -> 87.309234
A24: 68 - TUE M19 | D24: 20 | E24: 0.81 | F24: 9 | G24: 93 | H24: 1.25 | I24: =D24*0.745/(G24/100) -> 16.021505 | J24: =I24/E24 -> 19.779636 | K24: =SQRT(J24^2-I24^2) -> 11.59937 | L24: =J24*1000/(SQRT(3)*$B$2) -> 30.052048 | M24: =F24*L24 -> 270.46843
A25: 69 - TUE M20 | D25: 20 | E25: 0.81 | F25: 9 | G25: 93 | H25: 1.25 | I25: =D25*0.745/(G25/100) -> 16.021505 | J25: =I25/E25 -> 19.779636 | K25: =SQRT(J25^2-I25^2) -> 11.59937 | L25: =J25*1000/(SQRT(3)*$B$2) -> 30.052048 | M25: =F25*L25 -> 270.46843
A26: 70 - TUE M21 | D26: 40 | E26: 0.84 | F26: 7 | G26: 94.4 | H26: 1.25 | I26: =D26*0.745/(G26/100) -> 31.567797 | J26: =I26/E26 -> 37.58071 | K26: =SQRT(J26^2-I26^2) -> 20.390782 | L26: =J26*1000/(SQRT(3)*$B$2) -> 57.097982 | M26: =F26*L26 -> 399.68587
A27: 71 - TUE M22 | D27: 40 | E27: 0.84 | F27: 7 | G27: 94.4 | H27: 1.25 | I27: =D27*0.745/(G27/100) -> 31.567797 | J27: =I27/E27 -> 37.58071 | K27: =SQRT(J27^2-I27^2) -> 20.390782 | L27: =J27*1000/(SQRT(3)*$B$2) -> 57.097982 | M27: =F27*L27 -> 399.68587
A28: 72 - TUE M23 | B28: CCM4 | C28: Sistemas de serras | D28: 75 | E28: 0.87 | F28: 7.5 | G28: 95.4 | H28: 1.25 | I28: =D28*0.745/(G28/100) -> 58.569182 | J28: =I28/E28 -> 67.320899 | K28: =SQRT(J28^2-I28^2) -> 33.192685 | L28: =J28*1000/(SQRT(3)*$B$2) -> 102.28352 | M28: =F28*L28 -> 767.12643
A29: 73 - TUE M24 | D29: 75 | E29: 0.87 | F29: 7.5 | G29: 95.4 | H29: 1.25 | I29: =D29*0.745/(G29/100) -> 58.569182 | J29: =I29/E29 -> 67.320899 | K29: =SQRT(J29^2-I29^2) -> 33.192685 | L29: =J29*1000/(SQRT(3)*$B$2) -> 102.28352 | M29: =F29*L29 -> 767.12643

Sheet Capac.Cond.Corre.
A2: CRITÉRIO DA CAPACIDADE DE CONDUÇÃO DE CORRENTE
A3: Circuito N° - Tipo | B3: Origem | C3: Destino | D3: IN [A] | E3: FT (F.Temp.) | F3: N° Circ. Agrup. | G3: FA (F.Agrup.) | H3: IN' [A] | I3: Método Instala. | J3: Tipo de Isolação | K3: N° Cond. Carregados | L3: S2 - Seção (mm²)
A4: ='Previsão de Cargas'!A6 -> 50 - TUE M1 | B4: ='Previsão de Cargas'!B6 -> CCM1 | C4: Motor M1 | D4: ='Previsão de Cargas'!L6 -> 8.2123659 | E4: 1 | F4: 12 | G4: 0.72 | H4: =D4/(E4*G4) -> 11.406064 | I4: E | J4: PVC 0,6/1 kV (Sintenax) | K4: 3 | L4: 1.5
A5: ='Previsão de Cargas'!A7 -> 51 - TUE M2 | C5: Motor M2 | D5: ='Previsão de Cargas'!L7 -> 8.2123659 | E5: 1 | F5: 12 | G5: 0.72 | H5: =D5/(E5*G5) -> 11.406064 | I5: E | J5: PVC 0,6/1 kV (Sintenax) | K5: 3 | L5: 1.5
A6: ='Previsão de Cargas'!A8 -> 52 - TUE M3 | C6: Motor M3 | D6: ='Previsão de Cargas'!L8 -> 8.2123659 | E6: 1 | F6: 12 | G6: 0.72 | H6: =D6/(E6*G6) -> 11.406064 | I6: E | J6: PVC 0,6/1 kV (Sintenax) | K6: 3 | L6: 1.5
A7: ='Previsão de Cargas'!A9 -> 53 - TUE M4 | C7: Motor M4 | D7: ='Previsão de Cargas'!L9 -> 8.2123659 | E7: 1 | F7: 12 | G7: 0.72 | H7: =D7/(E7*G7) -> 11.406064 | I7: E | J7: PVC 0,6/1 kV (Sintenax) | K7: 3 | L7: 1.5
A8: ='Previsão de Cargas'!A10 -> 54 - TUE M5 | C8: Motor M5 | D8: ='Previsão de Cargas'!L10 -> 22.138758 | E8: 1 | F8: 12 | G8: 0.72 | H8: =D8/(E8*G8) -> 30.748274 | I8: E | J8: PVC 0,6/1 kV (Sintenax) | K8: 3 | L8: 4
A9: ='Previsão de Cargas'!A11 -> 55 - TUE M6 | C9: Motor M6 | D9: ='Previsão de Cargas'!L11 -> 22.138758 | E9: 1 | F9: 12 | G9: 0.72 | H9: =D9/(E9*G9) -> 30.748274 | I9: E | J9: PVC 0,6/1 kV (Sintenax) | K9: 3 | L9: 4
A10: ='Previsão de Cargas'!A12 -> 56 - TUE M7 | C10: Motor M7 | D10: ='Previsão de Cargas'!L12 -> 22.138758 | E10: 1 | F10: 12 | G10: 0.72 | H10: =D10/(E10*G10) -> 30.748274 | I10: E | J10: PVC 0,6/1 kV (Sintenax) | K10: 3 | L10: 4
A11: ='Previsão de Cargas'!A13 -> 57 - TUE M8 | C11: Motor M8 | D11: ='Previsão de Cargas'!L13 -> 22.138758 | E11: 1 | F11: 12 | G11: 0.72 | H11: =D11/(E11*G11) -> 30.748274 | I11: E | J11: PVC 0,6/1 kV (Sintenax) | K11: 3 | L11: 4
A12: ='Previsão de Cargas'!A14 -> 58 - TUE M9 | B12: ='Previsão de Cargas'!B14 -> CCM2 | C12: Motor M9 | D12: ='Previsão de Cargas'!L14 -> 14.646874 | E12: 1 | F12: 8 | G12: 0.72 | H12: =D12/(E12*G12) -> 20.34288 | I12: E | J12: PVC 0,6/1 kV (Sintenax) | K12: 3 | L12: 2.5
A13: ='Previsão de Cargas'!A15 -> 59 - TUE M10 | C13: Motor M10 | D13: ='Previsão de Cargas'!L15 -> 14.646874 | E13: 1 | F13: 8 | G13: 0.72 | H13: =D13/(E13*G13) -> 20.34288 | I13: E | J13: PVC 0,6/1 kV (Sintenax) | K13: 3 | L13: 2.5
A14: ='Previsão de Cargas'!A16 -> 60 - TUE M11 | C14: Motor M11 | D14: ='Previsão de Cargas'!L16 -> 14.646874 | E14: 1 | F14: 8 | G14: 0.72 | H14: =D14/(E14*G14) -> 20.34288 | I14: E | J14: PVC 0,6/1 kV (Sintenax) | K14: 3 | L14: 2.5
A15: ='Previsão de Cargas'!A17 -> 61 - TUE M12 | C15: Motor M12 | D15: ='Previsão de Cargas'!L17 -> 14.646874 | E15: 1 | F15: 8 | G15: 0.72 | H15: =D15/(E15*G15) -> 20.34288 | I15: E | J15: PVC 0,6/1 kV (Sintenax) | K15: 3 | L15: 2.5
A16: ='Previsão de Cargas'!A18 -> 62 - TUE M13 | C16: Motor M13 | D16: ='Previsão de Cargas'!L18 -> 44.598518 | E16: 1 | F16: 8 | G16: 0.72 | H16: =D16/(E16*G16) -> 61.942387 | I16: E | J16: PVC 0,6/1 kV (Sintenax) | K16: 3 | L16: 16
A17: ='Previsão de Cargas'!A19 -> 63 - TUE M14 | C17: Motor M14 | D17: ='Previsão de Cargas'!L19 -> 44.598518 | E17: 1 | F17: 8 | G17: 0.72 | H17: =D17/(E17*G17) -> 61.942387 | I17: E | J17: PVC 0,6/1 kV (Sintenax) | K17: 3 | L17: 16
A18: ='Previsão de Cargas'!A20 -> 64 - TUE M15 | B18: ='Previsão de Cargas'!B20 -> CCM3 | C18: Motor M15 | D18: ='Previsão de Cargas'!L20 -> 11.960169 | E18: 1 | F18: 12 | G18: 0.72 | H18: =D18/(E18*G18) -> 16.611346 | I18: E | J18: PVC 0,6/1 kV (Sintenax) | K18: 3 | L18: 1.5
A19: ='Previsão de Cargas'!A21 -> 65 - TUE M16 | C19: Motor M16 | D19: ='Previsão de Cargas'!L21 -> 11.960169 | E19: 1 | F19: 12 | G19: 0.72 | H19: =D19/(E19*G19) -> 16.611346 | I19: E | J19: PVC 0,6/1 kV (Sintenax) | K19: 3 | L19: 1.5
A20: ='Previsão de Cargas'!A22 -> 66 - TUE M17 | C20: Motor M17 | D20: ='Previsão de Cargas'!L22 -> 11.960169 | E20: 1 | F20: 12 | G20: 0.72 | H20: =D20/(E20*G20) -> 16.611346 | I20: E | J20: PVC 0,6/1 kV (Sintenax) | K20: 3 | L20: 1.5
A21: ='Previsão de Cargas'!A23 -> 67 - TUE M18 | C21: Motor M18 | D21: ='Previsão de Cargas'!L23 -> 11.960169 | E21: 1 | F21: 12 | G21: 0.72 | H21: =D21/(E21*G21) -> 16.611346 | I21: E | J21: PVC 0,6/1 kV (Sintenax) | K21: 3 | L21: 1.5
A22: ='Previsão de Cargas'!A24 -> 68 - TUE M19 | C22: Motor M19 | D22: ='Previsão de Cargas'!L24 -> 30.052048 | E22: 1 | F22: 12 | G22: 0.72 | H22: =D22/(E22*G22) -> 41.738956 | I22: E | J22: PVC 0,6/1 kV (Sintenax) | K22: 3 | L22: 6
A23: ='Previsão de Cargas'!A25 -> 69 - TUE M20 | C23: Motor M20 | D23: ='Previsão de Cargas'!L25 -> 30.052048 | E23: 1 | F23: 12 | G23: 0.72 | H23: =D23/(E23*G23) -> 41.738956 | I23: E | J23: PVC 0,6/1 kV (Sintenax) | K23: 3 | L23: 6
A24: ='Previsão de Cargas'!A26 -> 70 - TUE M21 | C24: Motor M21 | D24: ='Previsão de Cargas'!L26 -> 57.097982 | E24: 1 | F24: 12 | G24: 0.72 | H24: =D24/(E24*G24) -> 79.302753 | I24: E | J24: PVC 0,6/1 kV (Sintenax) | K24: 3 | L24: 16
A25: ='Previsão de Cargas'!A27 -> 71 - TUE M22 | C25: Motor M22 | D25: ='Previsão de Cargas'!L27 -> 57.097982 | E25: 1 | F25: 12 | G25: 0.72 | H25: =D25/(E25*G25) -> 79.302753 | I25: E | J25: PVC 0,6/1 kV (Sintenax) | K25: 3 | L25: 16
A26: ='Previsão de Cargas'!A28 -> 72 - TUE M23 | B26: ='Previsão de Cargas'!B28 -> CCM4 | C26: Motor M23 | D26: ='Previsão de Cargas'!L28 -> 102.28352 | E26: 1 | F26: 2 | G26: 0.88 | H26: =D26/(E26*G26) -> 116.23128 | I26: F | J26: EPR 0,6/1 kV (Afumex) | K26: 3 | L26: 25
A27: ='Previsão de Cargas'!A29 -> 73 - TUE M24 | C27: Motor M24 | D27: ='Previsão de Cargas'!L29 -> 102.28352 | E27: 1 | F27: 2 | G27: 0.88 | H27: =D27/(E27*G27) -> 116.23128 | I27: F | J27: EPR 0,6/1 kV (Afumex) | K27: 3 | L27: 25
A28: ='Previsão de Cargas'!O6 -> Alimentador QD1 | B28: QGBT | C28: ='Previsão de Cargas'!Q6 -> QD1 | D28: ='Previsão de Cargas'!U6 -> 120.96539 | E28: 1 | F28: 6 | G28: 0.79 | H28: =D28/(E28*G28) -> 153.12075 | I28: F | J28: EPR 0,6/1 kV (Afumex) | K28: 3 | L28: 35
A29: ='Previsão de Cargas'!O7 -> Alimentador QD2 | C29: ='Previsão de Cargas'!Q7 -> QD2 | D29: ='Previsão de Cargas'!U7 -> 161.92454 | E29: 1 | F29: 6 | G29: 0.79 | H29: =D29/(E29*G29) -> 204.96778 | I29: F | J29: EPR 0,6/1 kV (Afumex) | K29: 3 | L29: 50
A30: ='Previsão de Cargas'!O8 -> Alimentador QD3 | C30: ='Previsão de Cargas'!Q8 -> QD3 | D30: ='Previsão de Cargas'!U8 -> 42.545059 | E30: 1 | F30: 1 | G30: 1 | H30: =D30/(E30*G30) -> 42.545059 | I30: B1 | J30: PVC 450/750 V (T1, eletroduto embutido) | K30: 3 | L30: 10
A31: ='Previsão de Cargas'!O9 -> Alimentador QD4 | C31: ='Previsão de Cargas'!Q9 -> QD4 | D31: ='Previsão de Cargas'!U9 -> 53.023454 | E31: 1 | F31: 1 | G31: 1 | H31: =D31/(E31*G31) -> 53.023454 | I31: B1 | J31: PVC 450/750 V (T1, eletroduto embutido) | K31: 3 | L31: 16
A32: ='Previsão de Cargas'!O10 -> Alimentador CCM1 | C32: ='Previsão de Cargas'!Q10 -> CCM1 | D32: =Demanda!E34 -> 80.532636 | E32: 1 | F32: 6 | G32: 0.79 | H32: =D32/(E32*G32) -> 101.94005 | I32: F | J32: EPR 0,6/1 kV (Afumex) | K32: 3 | L32: 16
A33: ='Previsão de Cargas'!O11 -> Alimentador CCM2 | C33: ='Previsão de Cargas'!Q11 -> CCM2 | D33: =Demanda!E35 -> 99.522631 | E33: 1 | F33: 6 | G33: 0.79 | H33: =D33/(E33*G33) -> 125.97801 | I33: F | J33: EPR 0,6/1 kV (Afumex) | K33: 3 | L33: 25
A34: ='Previsão de Cargas'!O12 -> Alimentador CCM3 | C34: ='Previsão de Cargas'!Q12 -> CCM3 | D34: =Demanda!E36 -> 150.16348 | E34: 1 | F34: 6 | G34: 0.79 | H34: =D34/(E34*G34) -> 190.08035 | I34: F | J34: EPR 0,6/1 kV (Afumex) | K34: 3 | L34: 50
A35: ='Previsão de Cargas'!O13 -> Alimentador CCM4 | C35: ='Previsão de Cargas'!Q13 -> CCM4 | D35: =Demanda!E37 -> 160.176 | E35: 1 | F35: 6 | G35: 0.79 | H35: =D35/(E35*G35) -> 202.75443 | I35: F | J35: EPR 0,6/1 kV (Afumex) | K35: 3 | L35: 50

Sheet Queda de Tensão
A2: CRITÉRIO DE QUEDA DE TENSÃO
A3: Circuito N° - Tipo | B3: Origem | C3: Destino | D3: IN [A] | E3: VN [V] | F3: k | G3: ρ [Ω.mm²/m] | H3: L [m] | I3: Queda de tensão (Máx) [%] | J3: S3 - Seção Calculada [mm²] | K3: SF - Seção Comercial [mm²]
A4: ='Capac.Cond.Corre.'!A4 -> 50 - TUE M1 | B4: ='Previsão de Cargas'!B6 -> CCM1 | C4: Motor M1 | D4: ='Capac.Cond.Corre.'!D4 -> 8.2123659 | E4: =_Vnom -> 380 | F4: =SQRT(3) -> 1.7320508 | G4: 0.0178 | H4: 19 | I4: 2.5 | J4: =F4*G4*H4*D4/((I4/100)*E4) -> 0.50638277 | K4: 2.5
A5: ='Capac.Cond.Corre.'!A5 -> 51 - TUE M2 | C5: Motor M2 | D5: ='Capac.Cond.Corre.'!D5 -> 8.2123659 | E5: =_Vnom -> 380 | F5: =SQRT(3) -> 1.7320508 | G5: 0.0178 | H5: 17.2 | I5: 2.5 | J5: =F5*G5*H5*D5/((I5/100)*E5) -> 0.45840966 | K5: 2.5
A6: ='Capac.Cond.Corre.'!A6 -> 52 - TUE M3 | C6: Motor M3 | D6: ='Capac.Cond.Corre.'!D6 -> 8.2123659 | E6: =_Vnom -> 380 | F6: =SQRT(3) -> 1.7320508 | G6: 0.0178 | H6: 17.6 | I6: 2.5 | J6: =F6*G6*H6*D6/((I6/100)*E6) -> 0.46907035 | K6: 2.5
A7: ='Capac.Cond.Corre.'!A7 -> 53 - TUE M4 | C7: Motor M4 | D7: ='Capac.Cond.Corre.'!D7 -> 8.2123659 | E7: =_Vnom -> 380 | F7: =SQRT(3) -> 1.7320508 | G7: 0.0178 | H7: 19.3 | I7: 2.5 | J7: =F7*G7*H7*D7/((I7/100)*E7) -> 0.51437828 | K7: 2.5
A8: ='Capac.Cond.Corre.'!A8 -> 54 - TUE M5 | C8: Motor M5 | D8: ='Capac.Cond.Corre.'!D8 -> 22.138758 | E8: =_Vnom -> 380 | F8: =SQRT(3) -> 1.7320508 | G8: 0.0178 | H8: 23.5 | I8: 2.5 | J8: =F8*G8*H8*D8/((I8/100)*E8) -> 1.6884108 | K8: 4
A9: ='Capac.Cond.Corre.'!A9 -> 55 - TUE M6 | C9: Motor M6 | D9: ='Capac.Cond.Corre.'!D9 -> 22.138758 | E9: =_Vnom -> 380 | F9: =SQRT(3) -> 1.7320508 | G9: 0.0178 | H9: 21.7 | I9: 2.5 | J9: =F9*G9*H9*D9/((I9/100)*E9) -> 1.5590858 | K9: 4
A10: ='Capac.Cond.Corre.'!A10 -> 56 - TUE M7 | C10: Motor M7 | D10: ='Capac.Cond.Corre.'!D10 -> 22.138758 | E10: =_Vnom -> 380 | F10: =SQRT(3) -> 1.7320508 | G10: 0.0178 | H10: 19.9 | I10: 2.5 | J10: =F10*G10*H10*D10/((I10/100)*E10) -> 1.4297607 | K10: 4
A11: ='Capac.Cond.Corre.'!A11 -> 57 - TUE M8 | C11: Motor M8 | D11: ='Capac.Cond.Corre.'!D11 -> 22.138758 | E11: =_Vnom -> 380 | F11: =SQRT(3) -> 1.7320508 | G11: 0.0178 | H11: 18.1 | I11: 2.5 | J11: =F11*G11*H11*D11/((I11/100)*E11) -> 1.3004356 | K11: 4
A12: ='Capac.Cond.Corre.'!A12 -> 58 - TUE M9 | B12: ='Previsão de Cargas'!B14 -> CCM2 | C12: Motor M9 | D12: ='Capac.Cond.Corre.'!D12 -> 14.646874 | E12: =_Vnom -> 380 | F12: =SQRT(3) -> 1.7320508 | G12: 0.0178 | H12: 14 | I12: 2.5 | J12: =F12*G12*H12*D12/((I12/100)*E12) -> 0.66547232 | K12: 4
A13: ='Capac.Cond.Corre.'!A13 -> 59 - TUE M10 | C13: Motor M10 | D13: ='Capac.Cond.Corre.'!D13 -> 14.646874 | E13: =_Vnom -> 380 | F13: =SQRT(3) -> 1.7320508 | G13: 0.0178 | H13: 16 | I13: 2.5 | J13: =F13*G13*H13*D13/((I13/100)*E13) -> 0.76053979 | K13: 4
A14: ='Capac.Cond.Corre.'!A14 -> 60 - TUE M11 | C14: Motor M11 | D14: ='Capac.Cond.Corre.'!D14 -> 14.646874 | E14: =_Vnom -> 380 | F14: =SQRT(3) -> 1.7320508 | G14: 0.0178 | H14: 16.2 | I14: 2.5 | J14: =F14*G14*H14*D14/((I14/100)*E14) -> 0.77004654 | K14: 4
A15: ='Capac.Cond.Corre.'!A15 -> 61 - TUE M12 | C15: Motor M12 | D15: ='Capac.Cond.Corre.'!D15 -> 14.646874 | E15: =_Vnom -> 380 | F15: =SQRT(3) -> 1.7320508 | G15: 0.0178 | H15: 18.2 | I15: 2.5 | J15: =F15*G15*H15*D15/((I15/100)*E15) -> 0.86511402 | K15: 4
A16: ='Capac.Cond.Corre.'!A16 -> 62 - TUE M13 | C16: Motor M13 | D16: ='Capac.Cond.Corre.'!D16 -> 44.598518 | E16: =_Vnom -> 380 | F16: =SQRT(3) -> 1.7320508 | G16: 0.0178 | H16: 17.4 | I16: 2.5 | J16: =F16*G16*H16*D16/((I16/100)*E16) -> 2.5184116 | K16: 16
A17: ='Capac.Cond.Corre.'!A17 -> 63 - TUE M14 | C17: Motor M14 | D17: ='Capac.Cond.Corre.'!D17 -> 44.598518 | E17: =_Vnom -> 380 | F17: =SQRT(3) -> 1.7320508 | G17: 0.0178 | H17: 15.6 | I17: 2.5 | J17: =F17*G17*H17*D17/((I17/100)*E17) -> 2.2578862 | K17: 16
A18: ='Capac.Cond.Corre.'!A18 -> 64 - TUE M15 | B18: ='Previsão de Cargas'!B20 -> CCM3 | C18: Motor M15 | D18: ='Capac.Cond.Corre.'!D18 -> 11.960169 | E18: =_Vnom -> 380 | F18: =SQRT(3) -> 1.7320508 | G18: 0.0178 | H18: 19.8 | I18: 2.5 | J18: =F18*G18*H18*D18/((I18/100)*E18) -> 0.76852771 | K18: 2.5
A19: ='Capac.Cond.Corre.'!A19 -> 65 - TUE M16 | C19: Motor M16 | D19: ='Capac.Cond.Corre.'!D19 -> 11.960169 | E19: =_Vnom -> 380 | F19: =SQRT(3) -> 1.7320508 | G19: 0.0178 | H19: 18.3 | I19: 2.5 | J19: =F19*G19*H19*D19/((I19/100)*E19) -> 0.71030592 | K19: 2.5
A20: ='Capac.Cond.Corre.'!A20 -> 66 - TUE M17 | C20: Motor M17 | D20: ='Capac.Cond.Corre.'!D20 -> 11.960169 | E20: =_Vnom -> 380 | F20: =SQRT(3) -> 1.7320508 | G20: 0.0178 | H20: 16.6 | I20: 2.5 | J20: =F20*G20*H20*D20/((I20/100)*E20) -> 0.64432121 | K20: 2.5
A21: ='Capac.Cond.Corre.'!A21 -> 67 - TUE M18 | C21: Motor M18 | D21: ='Capac.Cond.Corre.'!D21 -> 11.960169 | E21: =_Vnom -> 380 | F21: =SQRT(3) -> 1.7320508 | G21: 0.0178 | H21: 15.2 | I21: 2.5 | J21: =F21*G21*H21*D21/((I21/100)*E21) -> 0.58998087 | K21: 2.5
A22: ='Capac.Cond.Corre.'!A22 -> 68 - TUE M19 | C22: Motor M19 | D22: ='Capac.Cond.Corre.'!D22 -> 30.052048 | E22: =_Vnom -> 380 | F22: =SQRT(3) -> 1.7320508 | G22: 0.0178 | H22: 21.3 | I22: 2.5 | J22: =F22*G22*H22*D22/((I22/100)*E22) -> 2.0773549 | K22: 6
A23: ='Capac.Cond.Corre.'!A23 -> 69 - TUE M20 | C23: Motor M20 | D23: ='Capac.Cond.Corre.'!D23 -> 30.052048 | E23: =_Vnom -> 380 | F23: =SQRT(3) -> 1.7320508 | G23: 0.0178 | H23: 18.2 | I23: 2.5 | J23: =F23*G23*H23*D23/((I23/100)*E23) -> 1.7750169 | K23: 6
A24: ='Capac.Cond.Corre.'!A24 -> 70 - TUE M21 | C24: Motor M21 | D24: ='Capac.Cond.Corre.'!D24 -> 57.097982 | E24: =_Vnom -> 380 | F24: =SQRT(3) -> 1.7320508 | G24: 0.0178 | H24: 22.8 | I24: 2.5 | J24: =F24*G24*H24*D24/((I24/100)*E24) -> 4.224863 | K24: 16
A25: ='Capac.Cond.Corre.'!A25 -> 71 - TUE M22 | C25: Motor M22 | D25: ='Capac.Cond.Corre.'!D25 -> 57.097982 | E25: =_Vnom -> 380 | F25: =SQRT(3) -> 1.7320508 | G25: 0.0178 | H25: 19.7 | I25: 2.5 | J25: =F25*G25*H25*D25/((I25/100)*E25) -> 3.6504299 | K25: 16
A26: ='Capac.Cond.Corre.'!A26 -> 72 - TUE M23 | B26: ='Previsão de Cargas'!B28 -> CCM4 | C26: Motor M23 | D26: ='Capac.Cond.Corre.'!D26 -> 102.28352 | E26: =_Vnom -> 380 | F26: =SQRT(3) -> 1.7320508 | G26: 0.0178 | H26: 20.8 | I26: 2.5 | J26: =F26*G26*H26*D26/((I26/100)*E26) -> 6.9044016 | K26: 35
A27: ='Capac.Cond.Corre.'!A27 -> 73 - TUE M24 | C27: Motor M24 | D27: ='Capac.Cond.Corre.'!D27 -> 102.28352 | E27: =_Vnom -> 380 | F27: =SQRT(3) -> 1.7320508 | G27: 0.0178 | H27: 17 | I27: 2.5 | J27: =F27*G27*H27*D27/((I27/100)*E27) -> 5.6430205 | K27: 35
A28: ='Capac.Cond.Corre.'!A28 -> Alimentador QD1 | B28: QGBT | C28: ='Previsão de Cargas'!Q6 -> QD1 | D28: ='Capac.Cond.Corre.'!D28 -> 120.96539 | E28: =_Vnom -> 380 | F28: =SQRT(3) -> 1.7320508 | G28: 0.0178 | H28: 61.3 | I28: 2.5 | J28: =F28*G28*H28*D28/((I28/100)*E28) -> 24.064599 | K28: 35
A29: ='Capac.Cond.Corre.'!A29 -> Alimentador QD2 | C29: ='Previsão de Cargas'!Q7 -> QD2 | D29: ='Capac.Cond.Corre.'!D29 -> 161.92454 | E29: =_Vnom -> 380 | F29: =SQRT(3) -> 1.7320508 | G29: 0.0178 | H29: 36.3 | I29: 2.5 | J29: =F29*G29*H29*D29/((I29/100)*E29) -> 19.075518 | K29: 70
A30: ='Capac.Cond.Corre.'!A30 -> Alimentador QD3 | C30: ='Previsão de Cargas'!Q8 -> QD3 | D30: ='Capac.Cond.Corre.'!D30 -> 42.545059 | E30: =_Vnom -> 380 | F30: =SQRT(3) -> 1.7320508 | G30: 0.0178 | H30: 25.1 | I30: 2.5 | J30: =F30*G30*H30*D30/((I30/100)*E30) -> 3.4656115 | K30: 10
A31: ='Capac.Cond.Corre.'!A31 -> Alimentador QD4 | C31: ='Previsão de Cargas'!Q9 -> QD4 | D31: ='Capac.Cond.Corre.'!D31 -> 53.023454 | E31: =_Vnom -> 380 | F31: =SQRT(3) -> 1.7320508 | G31: 0.0178 | H31: 15.9 | I31: 2.5 | J31: =F31*G31*H31*D31/((I31/100)*E31) -> 2.7360382 | K31: 16
A32: ='Capac.Cond.Corre.'!A32 -> Alimentador CCM1 | C32: ='Previsão de Cargas'!Q10 -> CCM1 | D32: ='Capac.Cond.Corre.'!D32 -> 80.532636 | E32: =_Vnom -> 380 | F32: =SQRT(3) -> 1.7320508 | G32: 0.0178 | H32: 44.2 | I32: 2.5 | J32: =F32*G32*H32*D32/((I32/100)*E32) -> 11.551841 | K32: 25
A33: ='Capac.Cond.Corre.'!A33 -> Alimentador CCM2 | C33: ='Previsão de Cargas'!Q11 -> CCM2 | D33: ='Capac.Cond.Corre.'!D33 -> 99.522631 | E33: =_Vnom -> 380 | F33: =SQRT(3) -> 1.7320508 | G33: 0.0178 | H33: 64.9 | I33: 2.5 | J33: =F33*G33*H33*D33/((I33/100)*E33) -> 20.961558 | K33: 25
A34: ='Capac.Cond.Corre.'!A34 -> Alimentador CCM3 | C34: ='Previsão de Cargas'!Q12 -> CCM3 | D34: ='Capac.Cond.Corre.'!D34 -> 150.16348 | E34: =_Vnom -> 380 | F34: =SQRT(3) -> 1.7320508 | G34: 0.0178 | H34: 41.4 | I34: 2.5 | J34: =F34*G34*H34*D34/((I34/100)*E34) -> 20.175378 | K34: 50
A35: ='Capac.Cond.Corre.'!A35 -> Alimentador CCM4 | C35: ='Previsão de Cargas'!Q13 -> CCM4 | D35: ='Capac.Cond.Corre.'!D35 -> 160.176 | E35: =_Vnom -> 380 | F35: =SQRT(3) -> 1.7320508 | G35: 0.0178 | H35: 25.2 | I35: 2.5 | J35: =F35*G35*H35*D35/((I35/100)*E35) -> 13.099509 | K35: 70

Sheet Proteção
A3: PROTEÇÕES DOS CENTROS DE COMANDO DOS MOTORES (CCM)
A4: Equipamento | B4: Origem | C4: Destino | D4: ='Capac.Cond.Corre.'!D3 -> IN [A] | E4: ='Previsão de Cargas'!D4:D5 -> PN - Potência Nominal [HP] | F4: Método de Partida | G4: Corrente de partida (IP) [A] | H4: Tempo de partida (TP) [s] | I4: Relé de Sobrecarga | M4: Contator | P4: Fusível Ramal | T4: Tempo de atuação do fusível durante a partida é adequado? (TF> TP) | U4: Fusível compatível com o relé de sobrecarga e contator? (IF ≤ IF,max) | V4: Fusível Geral (FG) | AA4: Chave Geral | AC4: Disjuntor Geral
I5: Corrente Ajuste (IAJ) [A] | J5: Modelo | K5: Faixa de Ajuste [A] | L5: Fusível Máximo (IF,max) [A] | M5: Ie [A] | N5: Modelo | O5: Fusível Máximo (IF,max) [A] | P5: Fusível Mínimo (IF,min) [A] | Q5: Tipo | R5: Fusível Comercial (IF) [A] | S5: Tempo de atuação (TF) [s] | V5: Valor Comercial do Maior Fusível do CCM [A] | W5: Somatório das correntes dos outros motores do CCM [A] | X5: Fusível Geral Mínimo (IFG,min) [A] | Y5: Tipo | Z5: Fusível Comercial (IFG) [A] | AA5: Modelo | AB5: ICG [A] | AC5: Modelo | AD5: IDG [A]
A6: ='Previsão de Cargas'!A6 -> 50 - TUE M1 | B6: ='Previsão de Cargas'!B6 -> CCM1 | C6: Motor M1 | D6: ='Previsão de Cargas'!L6 -> 8.2123659 | E6: ='Previsão de Cargas'!D6 -> 5 | F6: Direta | G6: ='Previsão de Cargas'!M6 -> 68.162637 | H6: 5 | I6: ='Previsão de Cargas'!H6*D6 -> 10.265457 | J6: 3RU11 16-1KB0 | K6: 9 – 12 | L6: 20 | M6: 12 | N6: 3RT10 17-1AQ01 | O6: 20 | P6: =1.2*I6 -> 12.318549 | Q6: Diazed DII gG (5SB2 71) | R6: 20 | S6: 9.2 | T6: =IF(S6>H6,"Sim","Não") -> Sim | U6: =IF(R6<=MIN(L6,O6),"Sim","Não") -> Sim | V6: =MAX(R6:R13) -> 35 | W6: =SUM(D6:D13)-INDEX(D6:D13,MATCH(V6,R6:R13,0)) -> 99.265736 | X6: =V6+W6 -> 134.26574 | Y6: NH00 gG (3NA3 836) | Z6: 160 | AA6: Seccionadora tripolar sob carga 160 A, com base NH00 | AB6: =Z6 -> 160 | AC6: Disjuntor termomagnético tripolar (caixa moldada), no QGBT | AD6: 100
A7: ='Previsão de Cargas'!A7 -> 51 - TUE M2 | C7: Motor M2 | D7: ='Previsão de Cargas'!L7 -> 8.2123659 | E7: ='Previsão de Cargas'!D7 -> 5 | F7: Direta | G7: ='Previsão de Cargas'!M7 -> 68.162637 | H7: 5 | I7: ='Previsão de Cargas'!H7*D7 -> 10.265457 | J7: 3RU11 16-1KB0 | K7: 9 – 12 | L7: 20 | M7: 12 | N7: 3RT10 17-1AQ01 | O7: 20 | P7: =1.2*I7 -> 12.318549 | Q7: Diazed DII gG (5SB2 71) | R7: 20 | S7: 9.2 | T7: =IF(S7>H7,"Sim","Não") -> Sim | U7: =IF(R7<=MIN(L7,O7),"Sim","Não") -> Sim
A8: ='Previsão de Cargas'!A8 -> 52 - TUE M3 | C8: Motor M3 | D8: ='Previsão de Cargas'!L8 -> 8.2123659 | E8: ='Previsão de Cargas'!D8 -> 5 | F8: Direta | G8: ='Previsão de Cargas'!M8 -> 68.162637 | H8: 5 | I8: ='Previsão de Cargas'!H8*D8 -> 10.265457 | J8: 3RU11 16-1KB0 | K8: 9 – 12 | L8: 20 | M8: 12 | N8: 3RT10 17-1AQ01 | O8: 20 | P8: =1.2*I8 -> 12.318549 | Q8: Diazed DII gG (5SB2 71) | R8: 20 | S8: 9.2 | T8: =IF(S8>H8,"Sim","Não") -> Sim | U8: =IF(R8<=MIN(L8,O8),"Sim","Não") -> Sim
A9: ='Previsão de Cargas'!A9 -> 53 - TUE M4 | C9: Motor M4 | D9: ='Previsão de Cargas'!L9 -> 8.2123659 | E9: ='Previsão de Cargas'!D9 -> 5 | F9: Direta | G9: ='Previsão de Cargas'!M9 -> 68.162637 | H9: 5 | I9: ='Previsão de Cargas'!H9*D9 -> 10.265457 | J9: 3RU11 16-1KB0 | K9: 9 – 12 | L9: 20 | M9: 12 | N9: 3RT10 17-1AQ01 | O9: 20 | P9: =1.2*I9 -> 12.318549 | Q9: Diazed DII gG (5SB2 71) | R9: 20 | S9: 9.2 | T9: =IF(S9>H9,"Sim","Não") -> Sim | U9: =IF(R9<=MIN(L9,O9),"Sim","Não") -> Sim
A10: ='Previsão de Cargas'!A10 -> 54 - TUE M5 | C10: Motor M5 | D10: ='Previsão de Cargas'!L10 -> 22.138758 | E10: ='Previsão de Cargas'!D10 -> 15 | F10: Estrela-Triângulo | G10: ='Previsão de Cargas'!M10/3 -> 61.250563 | H10: 5 | I10: ='Previsão de Cargas'!H10*D10/SQRT(3) -> 15.977272 | J10: 3RU11 26-4AB0 | K10: 11 – 16 | L10: 35 | M10: 25 | N10: K1/K2: 3RT10 26-1AQ00 | K3: 3RT10 23-1AQ00 (9 A) | O10: 35 | P10: =1.2*I10*SQRT(3) -> 33.208136 | Q10: Diazed DIII gG (5SB4 11) | R10: 35 | S10: 860 | T10: =IF(S10>H10,"Sim","Não") -> Sim | U10: =IF(R10<=MIN(L10,O10),"Sim","Não") -> Sim
A11: ='Previsão de Cargas'!A11 -> 55 - TUE M6 | C11: Motor M6 | D11: ='Previsão de Cargas'!L11 -> 22.138758 | E11: ='Previsão de Cargas'!D11 -> 15 | F11: Estrela-Triângulo | G11: ='Previsão de Cargas'!M11/3 -> 61.250563 | H11: 5 | I11: ='Previsão de Cargas'!H11*D11/SQRT(3) -> 15.977272 | J11: 3RU11 26-4AB0 | K11: 11 – 16 | L11: 35 | M11: 25 | N11: K1/K2: 3RT10 26-1AQ00 | K3: 3RT10 23-1AQ00 (9 A) | O11: 35 | P11: =1.2*I11*SQRT(3) -> 33.208136 | Q11: Diazed DIII gG (5SB4 11) | R11: 35 | S11: 860 | T11: =IF(S11>H11,"Sim","Não") -> Sim | U11: =IF(R11<=MIN(L11,O11),"Sim","Não") -> Sim
A12: ='Previsão de Cargas'!A12 -> 56 - TUE M7 | C12: Motor M7 | D12: ='Previsão de Cargas'!L12 -> 22.138758 | E12: ='Previsão de Cargas'!D12 -> 15 | F12: Estrela-Triângulo | G12: ='Previsão de Cargas'!M12/3 -> 61.250563 | H12: 5 | I12: ='Previsão de Cargas'!H12*D12/SQRT(3) -> 15.977272 | J12: 3RU11 26-4AB0 | K12: 11 – 16 | L12: 35 | M12: 25 | N12: K1/K2: 3RT10 26-1AQ00 | K3: 3RT10 23-1AQ00 (9 A) | O12: 35 | P12: =1.2*I12*SQRT(3) -> 33.208136 | Q12: Diazed DIII gG (5SB4 11) | R12: 35 | S12: 860 | T12: =IF(S12>H12,"Sim","Não") -> Sim | U12: =IF(R12<=MIN(L12,O12),"Sim","Não") -> Sim
A13: ='Previsão de Cargas'!A13 -> 57 - TUE M8 | C13: Motor M8 | D13: ='Previsão de Cargas'!L13 -> 22.138758 | E13: ='Previsão de Cargas'!D13 -> 15 | F13: Estrela-Triângulo | G13: ='Previsão de Cargas'!M13/3 -> 61.250563 | H13: 5 | I13: ='Previsão de Cargas'!H13*D13/SQRT(3) -> 15.977272 | J13: 3RU11 26-4AB0 | K13: 11 – 16 | L13: 35 | M13: 25 | N13: K1/K2: 3RT10 26-1AQ00 | K3: 3RT10 23-1AQ00 (9 A) | O13: 35 | P13: =1.2*I13*SQRT(3) -> 33.208136 | Q13: Diazed DIII gG (5SB4 11) | R13: 35 | S13: 860 | T13: =IF(S13>H13,"Sim","Não") -> Sim | U13: =IF(R13<=MIN(L13,O13),"Sim","Não") -> Sim
A14: ='Previsão de Cargas'!A14 -> 58 - TUE M9 | B14: ='Previsão de Cargas'!B14 -> CCM2 | C14: Motor M9 | D14: ='Previsão de Cargas'!L14 -> 14.646874 | E14: ='Previsão de Cargas'!D14 -> 10 | F14: Direta | G14: ='Previsão de Cargas'!M14 -> 120.10436 | H14: 5 | I14: ='Previsão de Cargas'!H14*D14 -> 18.308592 | J14: 3RU11 26-4BB0 | K14: 14 – 20 | L14: 35 | M14: 25 | N14: 3RT10 26-1AQ00 | O14: 35 | P14: =1.2*I14 -> 21.97031 | Q14: Diazed DIII gG (5SB4 11) | R14: 35 | S14: 8.5 | T14: =IF(S14>H14,"Sim","Não") -> Sim | U14: =IF(R14<=MIN(L14,O14),"Sim","Não") -> Sim | V14: =MAX(R14:R19) -> 80 | W14: =SUM(D14:D19)-INDEX(D14:D19,MATCH(V14,R14:R19,0)) -> 103.18601 | X14: =V14+W14 -> 183.18601 | Y14: NH1 gG (3NA3 140) | Z14: 200 | AA14: Seccionadora tripolar sob carga 200 A, com base NH1 | AB14: =Z14 -> 200 | AC14: Disjuntor termomagnético tripolar (caixa moldada), no QGBT | AD14: 100
A15: ='Previsão de Cargas'!A15 -> 59 - TUE M10 | C15: Motor M10 | D15: ='Previsão de Cargas'!L15 -> 14.646874 | E15: ='Previsão de Cargas'!D15 -> 10 | F15: Direta | G15: ='Previsão de Cargas'!M15 -> 120.10436 | H15: 5 | I15: ='Previsão de Cargas'!H15*D15 -> 18.308592 | J15: 3RU11 26-4BB0 | K15: 14 – 20 | L15: 35 | M15: 25 | N15: 3RT10 26-1AQ00 | O15: 35 | P15: =1.2*I15 -> 21.97031 | Q15: Diazed DIII gG (5SB4 11) | R15: 35 | S15: 8.5 | T15: =IF(S15>H15,"Sim","Não") -> Sim | U15: =IF(R15<=MIN(L15,O15),"Sim","Não") -> Sim
A16: ='Previsão de Cargas'!A16 -> 60 - TUE M11 | C16: Motor M11 | D16: ='Previsão de Cargas'!L16 -> 14.646874 | E16: ='Previsão de Cargas'!D16 -> 10 | F16: Direta | G16: ='Previsão de Cargas'!M16 -> 120.10436 | H16: 5 | I16: ='Previsão de Cargas'!H16*D16 -> 18.308592 | J16: 3RU11 26-4BB0 | K16: 14 – 20 | L16: 35 | M16: 25 | N16: 3RT10 26-1AQ00 | O16: 35 | P16: =1.2*I16 -> 21.97031 | Q16: Diazed DIII gG (5SB4 11) | R16: 35 | S16: 8.5 | T16: =IF(S16>H16,"Sim","Não") -> Sim | U16: =IF(R16<=MIN(L16,O16),"Sim","Não") -> Sim
A17: ='Previsão de Cargas'!A17 -> 61 - TUE M12 | C17: Motor M12 | D17: ='Previsão de Cargas'!L17 -> 14.646874 | E17: ='Previsão de Cargas'!D17 -> 10 | F17: Direta | G17: ='Previsão de Cargas'!M17 -> 120.10436 | H17: 5 | I17: ='Previsão de Cargas'!H17*D17 -> 18.308592 | J17: 3RU11 26-4BB0 | K17: 14 – 20 | L17: 35 | M17: 25 | N17: 3RT10 26-1AQ00 | O17: 35 | P17: =1.2*I17 -> 21.97031 | Q17: Diazed DIII gG (5SB4 11) | R17: 35 | S17: 8.5 | T17: =IF(S17>H17,"Sim","Não") -> Sim | U17: =IF(R17<=MIN(L17,O17),"Sim","Não") -> Sim
A18: ='Previsão de Cargas'!A18 -> 62 - TUE M13 | C18: Motor M13 | D18: ='Previsão de Cargas'!L18 -> 44.598518 | E18: ='Previsão de Cargas'!D18 -> 30 | F18: Estrela-Triângulo | G18: ='Previsão de Cargas'!M18/3 -> 118.92938 | H18: 5 | I18: ='Previsão de Cargas'!H18*D18/SQRT(3) -> 32.186208 | J18: 3RU11 36-4FB0 | K18: 28 – 40 | L18: 80 | M18: 50 | N18: K1/K2: 3RT10 36-1AQ00 | K3: 3RT10 25-1AQ00 (17 A) | O18: 80 | P18: =1.2*I18*SQRT(3) -> 66.897778 | Q18: NH00 gG (3NA3 824) | R18: 80 | S18: 2900 | T18: =IF(S18>H18,"Sim","Não") -> Sim | U18: =IF(R18<=MIN(L18,O18),"Sim","Não") -> Sim
A19: ='Previsão de Cargas'!A19 -> 63 - TUE M14 | C19: Motor M14 | D19: ='Previsão de Cargas'!L19 -> 44.598518 | E19: ='Previsão de Cargas'!D19 -> 30 | F19: Estrela-Triângulo | G19: ='Previsão de Cargas'!M19/3 -> 118.92938 | H19: 5 | I19: ='Previsão de Cargas'!H19*D19/SQRT(3) -> 32.186208 | J19: 3RU11 36-4FB0 | K19: 28 – 40 | L19: 80 | M19: 50 | N19: K1/K2: 3RT10 36-1AQ00 | K3: 3RT10 25-1AQ00 (17 A) | O19: 80 | P19: =1.2*I19*SQRT(3) -> 66.897778 | Q19: NH00 gG (3NA3 824) | R19: 80 | S19: 2900 | T19: =IF(S19>H19,"Sim","Não") -> Sim | U19: =IF(R19<=MIN(L19,O19),"Sim","Não") -> Sim
A20: ='Previsão de Cargas'!A20 -> 64 - TUE M15 | B20: ='Previsão de Cargas'!B20 -> CCM3 | C20: Motor M15 | D20: ='Previsão de Cargas'!L20 -> 11.960169 | E20: ='Previsão de Cargas'!D20 -> 7.5 | F20: Direta | G20: ='Previsão de Cargas'!M20 -> 87.309234 | H20: 5 | I20: ='Previsão de Cargas'!H20*D20 -> 14.950211 | J20: 3RU11 26-4AB0 | K20: 11 – 16 | L20: 25 | M20: 17 | N20: 3RT10 25-1AQ00 | O20: 25 | P20: =1.2*I20 -> 17.940254 | Q20: Diazed DII gG (5SB2 81) | R20: 25 | S20: 6.6 | T20: =IF(S20>H20,"Sim","Não") -> Sim | U20: =IF(R20<=MIN(L20,O20),"Sim","Não") -> Sim | V20: =MAX(R20:R27) -> 100 | W20: =SUM(D20:D27)-INDEX(D20:D27,MATCH(V20,R20:R27,0)) -> 165.04275 | X20: =V20+W20 -> 265.04275 | Y20: NH2 gG (3NA3 250) | Z20: 300 | AA20: Seccionadora tripolar sob carga 300 A, com base NH2 | AB20: =Z20 -> 300 | AC20: Disjuntor termomagnético tripolar (caixa moldada), no QGBT | AD20: 160
A21: ='Previsão de Cargas'!A21 -> 65 - TUE M16 | C21: Motor M16 | D21: ='Previsão de Cargas'!L21 -> 11.960169 | E21: ='Previsão de Cargas'!D21 -> 7.5 | F21: Direta | G21: ='Previsão de Cargas'!M21 -> 87.309234 | H21: 5 | I21: ='Previsão de Cargas'!H21*D21 -> 14.950211 | J21: 3RU11 26-4AB0 | K21: 11 – 16 | L21: 25 | M21: 17 | N21: 3RT10 25-1AQ00 | O21: 25 | P21: =1.2*I21 -> 17.940254 | Q21: Diazed DII gG (5SB2 81) | R21: 25 | S21: 6.6 | T21: =IF(S21>H21,"Sim","Não") -> Sim | U21: =IF(R21<=MIN(L21,O21),"Sim","Não") -> Sim
A22: ='Previsão de Cargas'!A22 -> 66 - TUE M17 | C22: Motor M17 | D22: ='Previsão de Cargas'!L22 -> 11.960169 | E22: ='Previsão de Cargas'!D22 -> 7.5 | F22: Direta | G22: ='Previsão de Cargas'!M22 -> 87.309234 | H22: 5 | I22: ='Previsão de Cargas'!H22*D22 -> 14.950211 | J22: 3RU11 26-4AB0 | K22: 11 – 16 | L22: 25 | M22: 17 | N22: 3RT10 25-1AQ00 | O22: 25 | P22: =1.2*I22 -> 17.940254 | Q22: Diazed DII gG (5SB2 81) | R22: 25 | S22: 6.6 | T22: =IF(S22>H22,"Sim","Não") -> Sim | U22: =IF(R22<=MIN(L22,O22),"Sim","Não") -> Sim
A23: ='Previsão de Cargas'!A23 -> 67 - TUE M18 | C23: Motor M18 | D23: ='Previsão de Cargas'!L23 -> 11.960169 | E23: ='Previsão de Cargas'!D23 -> 7.5 | F23: Direta | G23: ='Previsão de Cargas'!M23 -> 87.309234 | H23: 5 | I23: ='Previsão de Cargas'!H23*D23 -> 14.950211 | J23: 3RU11 26-4AB0 | K23: 11 – 16 | L23: 25 | M23: 17 | N23: 3RT10 25-1AQ00 | O23: 25 | P23: =1.2*I23 -> 17.940254 | Q23: Diazed DII gG (5SB2 81) | R23: 25 | S23: 6.6 | T23: =IF(S23>H23,"Sim","Não") -> Sim | U23: =IF(R23<=MIN(L23,O23),"Sim","Não") -> Sim
A24: ='Previsão de Cargas'!A24 -> 68 - TUE M19 | C24: Motor M19 | D24: ='Previsão de Cargas'!L24 -> 30.052048 | E24: ='Previsão de Cargas'!D24 -> 20 | F24: Estrela-Triângulo | G24: ='Previsão de Cargas'!M24/3 -> 90.156145 | H24: 5 | I24: ='Previsão de Cargas'!H24*D24/SQRT(3) -> 21.688198 | J24: 3RU11 36-4DB0 | K24: 18 – 25 | L24: 63 | M24: 32 | N24: K1/K2: 3RT10 34-1AQ00 | K3: 3RT10 24-1AQ00 (12 A) | O24: 63 | P24: =1.2*I24*SQRT(3) -> 45.078072 | Q24: Diazed DIII gG (5SB4 21) | R24: 50 | S24: 880 | T24: =IF(S24>H24,"Sim","Não") -> Sim | U24: =IF(R24<=MIN(L24,O24),"Sim","Não") -> Sim
A25: ='Previsão de Cargas'!A25 -> 69 - TUE M20 | C25: Motor M20 | D25: ='Previsão de Cargas'!L25 -> 30.052048 | E25: ='Previsão de Cargas'!D25 -> 20 | F25: Estrela-Triângulo | G25: ='Previsão de Cargas'!M25/3 -> 90.156145 | H25: 5 | I25: ='Previsão de Cargas'!H25*D25/SQRT(3) -> 21.688198 | J25: 3RU11 36-4DB0 | K25: 18 – 25 | L25: 63 | M25: 32 | N25: K1/K2: 3RT10 34-1AQ00 | K3: 3RT10 24-1AQ00 (12 A) | O25: 63 | P25: =1.2*I25*SQRT(3) -> 45.078072 | Q25: Diazed DIII gG (5SB4 21) | R25: 50 | S25: 880 | T25: =IF(S25>H25,"Sim","Não") -> Sim | U25: =IF(R25<=MIN(L25,O25),"Sim","Não") -> Sim
A26: ='Previsão de Cargas'!A26 -> 70 - TUE M21 | C26: Motor M21 | D26: ='Previsão de Cargas'!L26 -> 57.097982 | E26: ='Previsão de Cargas'!D26 -> 40 | F26: Estrela-Triângulo | G26: ='Previsão de Cargas'!M26/3 -> 133.22862 | H26: 5 | I26: ='Previsão de Cargas'!H26*D26/SQRT(3) -> 41.206919 | J26: 3RU11 46-4HB0 | K26: 36 – 50 | L26: 125 | M26: 65 | N26: K1/K2: 3RT10 44-1AQ00 | K3: 3RT10 26-1AQ00 (25 A) | O26: 125 | P26: =1.2*I26*SQRT(3) -> 85.646973 | Q26: NH00 gG (3NA3 830) | R26: 100 | S26: 3000 | T26: =IF(S26>H26,"Sim","Não") -> Sim | U26: =IF(R26<=MIN(L26,O26),"Sim","Não") -> Sim
A27: ='Previsão de Cargas'!A27 -> 71 - TUE M22 | C27: Motor M22 | D27: ='Previsão de Cargas'!L27 -> 57.097982 | E27: ='Previsão de Cargas'!D27 -> 40 | F27: Estrela-Triângulo | G27: ='Previsão de Cargas'!M27/3 -> 133.22862 | H27: 5 | I27: ='Previsão de Cargas'!H27*D27/SQRT(3) -> 41.206919 | J27: 3RU11 46-4HB0 | K27: 36 – 50 | L27: 125 | M27: 65 | N27: K1/K2: 3RT10 44-1AQ00 | K3: 3RT10 26-1AQ00 (25 A) | O27: 125 | P27: =1.2*I27*SQRT(3) -> 85.646973 | Q27: NH00 gG (3NA3 830) | R27: 100 | S27: 3000 | T27: =IF(S27>H27,"Sim","Não") -> Sim | U27: =IF(R27<=MIN(L27,O27),"Sim","Não") -> Sim
A28: ='Previsão de Cargas'!A28 -> 72 - TUE M23 | B28: ='Previsão de Cargas'!B28 -> CCM4 | C28: Motor M23 | D28: ='Previsão de Cargas'!L28 -> 102.28352 | E28: ='Previsão de Cargas'!D28 -> 75 | F28: Soft-starter | G28: ='Previsão de Cargas'!M28 -> 767.12643 | H28: 5 | I28: Soft-starter WEG SSW07 0130 (130 A) – proteção de sobrecarga integrada, ajuste = FS×IN ≈ 128 A – A CONFIRMAR (pesquisa no catálogo WEG) | M28: 150 | N28: 3RT10 55 (150 A) – A CONFIRMAR (slide: mesmo fabricante da soft-starter) | O28: 315 | P28: — | Q28: aR ultrarrápido NH1 (WEG FNH1-400K-A) – A CONFIRMAR no manual SSW07 | R28: 400 | S28: — | T28: N/A: a soft-starter limita a corrente de partida | U28: Verificar coordenação no manual WEG SSW07 | V28: =MAX(R28:R29) -> 400 | W28: =SUM(D28:D29)-INDEX(D28:D29,MATCH(V28,R28:R29,0)) -> 102.28352 | X28: =V28+W28 -> 502.28352 | Y28: NH3 gG (3NA3 372) | Z28: 630 | AA28: Seccionadora tripolar sob carga 630 A, com base NH3 – depende do fusível do 75 HP (A CONFIRMAR) | AB28: =Z28 -> 630 | AC28: Disjuntor termomagnético tripolar (caixa moldada), no QGBT | AD28: 200
A29: ='Previsão de Cargas'!A29 -> 73 - TUE M24 | C29: Motor M24 | D29: ='Previsão de Cargas'!L29 -> 102.28352 | E29: ='Previsão de Cargas'!D29 -> 75 | F29: Soft-starter | G29: ='Previsão de Cargas'!M29 -> 767.12643 | H29: 5 | I29: Soft-starter WEG SSW07 0130 (130 A) – proteção de sobrecarga integrada, ajuste = FS×IN ≈ 128 A – A CONFIRMAR (pesquisa no catálogo WEG) | M29: 150 | N29: 3RT10 55 (150 A) – A CONFIRMAR (slide: mesmo fabricante da soft-starter) | O29: 315 | P29: — | Q29: aR ultrarrápido NH1 (WEG FNH1-400K-A) – A CONFIRMAR no manual SSW07 | R29: 400 | S29: — | T29: N/A: a soft-starter limita a corrente de partida | U29: Verificar coordenação no manual WEG SSW07
A30: ='Previsão de Cargas'!O6 -> Alimentador QD1 | B30: QGBT | C30: QD1 | D30: ='Previsão de Cargas'!U6 -> 120.96539 | AC30: Disjuntor termomagnético tripolar (Tarefa 1) | AD30: 125
A31: ='Previsão de Cargas'!O7 -> Alimentador QD2 | C31: QD2 | D31: ='Previsão de Cargas'!U7 -> 161.92454 | AC31: Disjuntor termomagnético tripolar (Tarefa 1) | AD31: 200
A32: ='Previsão de Cargas'!O8 -> Alimentador QD3 | C32: QD3 | D32: ='Previsão de Cargas'!U8 -> 42.545059 | AC32: Disjuntor termomagnético tripolar (Tarefa 1) | AD32: 50
A33: ='Previsão de Cargas'!O9 -> Alimentador QD4 | C33: QD4 | D33: ='Previsão de Cargas'!U9 -> 53.023454 | AC33: Disjuntor termomagnético tripolar (Tarefa 1) | AD33: 63

Sheet Quadro de Cargas
A2: QUADRO DE CARGAS - | K2: ='Previsão de Cargas'!B1 -> CCM | L2: =_Vnom -> 380 | N2: V
A3: Circuito | B3: Origem | C3: Destino | D3: DADOS DE ENTRADA | J3: FATORES DE CORREÇÃO | L3: CONDUTORES | O3: PROTEÇÃO
D4: Tensão (V) | E4: Carga (HP) | F4: Carga (kW) | G4: F.P. | H4: Carga (kVAr) | I4: Corrente (A) | J4: F.T. | K4: F.A. | L4: Tipo de Isolação | M4: Número condutores por fase | N4: Seção (mm²) | O4: Relé Sobrecarga | Q4: Contator | S4: Fusível | U4: Seccionador | W4: Disjuntor Geral
O5: Modelo | P5: IAJ [A] | Q5: Modelo | R5: Ie [A] | S5: Modelo | T5: IF [A] | U5: Modelo | V5: ICG [A] | W5: Modelo | X5: IDG [A]
A6: ='Previsão de Cargas'!A6 -> 50 - TUE M1 | B6: ='Previsão de Cargas'!B6 -> CCM1 | C6: Motor M1 | D6: =_Vnom -> 380 | E6: ='Previsão de Cargas'!D6 -> 5 | F6: ='Previsão de Cargas'!I6 -> 4.1620112 | G6: ='Previsão de Cargas'!E6 -> 0.77 | H6: ='Previsão de Cargas'!K6 -> 3.4487608 | I6: ='Previsão de Cargas'!L6 -> 8.2123659 | J6: ='Capac.Cond.Corre.'!E4 -> 1 | K6: ='Capac.Cond.Corre.'!G4 -> 0.72 | L6: ='Capac.Cond.Corre.'!J4 -> PVC 0,6/1 kV (Sintenax) | M6: 1 | N6: ='Queda de Tensão'!K4 -> 2.5 | O6: =Proteção!J6 -> 3RU11 16-1KB0 | P6: =Proteção!I6 -> 10.265457 | Q6: =Proteção!N6 -> 3RT10 17-1AQ01 | R6: =Proteção!M6 -> 12 | S6: =Proteção!Q6 -> Diazed DII gG (5SB2 71) | T6: =Proteção!R6 -> 20 | U6: — | V6: — | W6: — | X6: —
A7: ='Previsão de Cargas'!A7 -> 51 - TUE M2 | C7: Motor M2 | D7: =_Vnom -> 380 | E7: ='Previsão de Cargas'!D7 -> 5 | F7: ='Previsão de Cargas'!I7 -> 4.1620112 | G7: ='Previsão de Cargas'!E7 -> 0.77 | H7: ='Previsão de Cargas'!K7 -> 3.4487608 | I7: ='Previsão de Cargas'!L7 -> 8.2123659 | J7: ='Capac.Cond.Corre.'!E5 -> 1 | K7: ='Capac.Cond.Corre.'!G5 -> 0.72 | L7: ='Capac.Cond.Corre.'!J5 -> PVC 0,6/1 kV (Sintenax) | M7: 1 | N7: ='Queda de Tensão'!K5 -> 2.5 | O7: =Proteção!J7 -> 3RU11 16-1KB0 | P7: =Proteção!I7 -> 10.265457 | Q7: =Proteção!N7 -> 3RT10 17-1AQ01 | R7: =Proteção!M7 -> 12 | S7: =Proteção!Q7 -> Diazed DII gG (5SB2 71) | T7: =Proteção!R7 -> 20 | U7: — | V7: — | W7: — | X7: —
A8: ='Previsão de Cargas'!A8 -> 52 - TUE M3 | C8: Motor M3 | D8: =_Vnom -> 380 | E8: ='Previsão de Cargas'!D8 -> 5 | F8: ='Previsão de Cargas'!I8 -> 4.1620112 | G8: ='Previsão de Cargas'!E8 -> 0.77 | H8: ='Previsão de Cargas'!K8 -> 3.4487608 | I8: ='Previsão de Cargas'!L8 -> 8.2123659 | J8: ='Capac.Cond.Corre.'!E6 -> 1 | K8: ='Capac.Cond.Corre.'!G6 -> 0.72 | L8: ='Capac.Cond.Corre.'!J6 -> PVC 0,6/1 kV (Sintenax) | M8: 1 | N8: ='Queda de Tensão'!K6 -> 2.5 | O8: =Proteção!J8 -> 3RU11 16-1KB0 | P8: =Proteção!I8 -> 10.265457 | Q8: =Proteção!N8 -> 3RT10 17-1AQ01 | R8: =Proteção!M8 -> 12 | S8: =Proteção!Q8 -> Diazed DII gG (5SB2 71) | T8: =Proteção!R8 -> 20 | U8: — | V8: — | W8: — | X8: —
A9: ='Previsão de Cargas'!A9 -> 53 - TUE M4 | C9: Motor M4 | D9: =_Vnom -> 380 | E9: ='Previsão de Cargas'!D9 -> 5 | F9: ='Previsão de Cargas'!I9 -> 4.1620112 | G9: ='Previsão de Cargas'!E9 -> 0.77 | H9: ='Previsão de Cargas'!K9 -> 3.4487608 | I9: ='Previsão de Cargas'!L9 -> 8.2123659 | J9: ='Capac.Cond.Corre.'!E7 -> 1 | K9: ='Capac.Cond.Corre.'!G7 -> 0.72 | L9: ='Capac.Cond.Corre.'!J7 -> PVC 0,6/1 kV (Sintenax) | M9: 1 | N9: ='Queda de Tensão'!K7 -> 2.5 | O9: =Proteção!J9 -> 3RU11 16-1KB0 | P9: =Proteção!I9 -> 10.265457 | Q9: =Proteção!N9 -> 3RT10 17-1AQ01 | R9: =Proteção!M9 -> 12 | S9: =Proteção!Q9 -> Diazed DII gG (5SB2 71) | T9: =Proteção!R9 -> 20 | U9: — | V9: — | W9: — | X9: —
A10: ='Previsão de Cargas'!A10 -> 54 - TUE M5 | C10: Motor M5 | D10: =_Vnom -> 380 | E10: ='Previsão de Cargas'!D10 -> 15 | F10: ='Previsão de Cargas'!I10 -> 12.094156 | G10: ='Previsão de Cargas'!E10 -> 0.83 | H10: ='Previsão de Cargas'!K10 -> 8.1273221 | I10: ='Previsão de Cargas'!L10 -> 22.138758 | J10: ='Capac.Cond.Corre.'!E8 -> 1 | K10: ='Capac.Cond.Corre.'!G8 -> 0.72 | L10: ='Capac.Cond.Corre.'!J8 -> PVC 0,6/1 kV (Sintenax) | M10: 2 | N10: ='Queda de Tensão'!K8 -> 4 | O10: =Proteção!J10 -> 3RU11 26-4AB0 | P10: =Proteção!I10 -> 15.977272 | Q10: =Proteção!N10 -> K1/K2: 3RT10 26-1AQ00 | K3: 3RT10 23-1AQ00 (9 A) | R10: =Proteção!M10 -> 25 | S10: =Proteção!Q10 -> Diazed DIII gG (5SB4 11) | T10: =Proteção!R10 -> 35 | U10: — | V10: — | W10: — | X10: —
A11: ='Previsão de Cargas'!A11 -> 55 - TUE M6 | C11: Motor M6 | D11: =_Vnom -> 380 | E11: ='Previsão de Cargas'!D11 -> 15 | F11: ='Previsão de Cargas'!I11 -> 12.094156 | G11: ='Previsão de Cargas'!E11 -> 0.83 | H11: ='Previsão de Cargas'!K11 -> 8.1273221 | I11: ='Previsão de Cargas'!L11 -> 22.138758 | J11: ='Capac.Cond.Corre.'!E9 -> 1 | K11: ='Capac.Cond.Corre.'!G9 -> 0.72 | L11: ='Capac.Cond.Corre.'!J9 -> PVC 0,6/1 kV (Sintenax) | M11: 2 | N11: ='Queda de Tensão'!K9 -> 4 | O11: =Proteção!J11 -> 3RU11 26-4AB0 | P11: =Proteção!I11 -> 15.977272 | Q11: =Proteção!N11 -> K1/K2: 3RT10 26-1AQ00 | K3: 3RT10 23-1AQ00 (9 A) | R11: =Proteção!M11 -> 25 | S11: =Proteção!Q11 -> Diazed DIII gG (5SB4 11) | T11: =Proteção!R11 -> 35 | U11: — | V11: — | W11: — | X11: —
A12: ='Previsão de Cargas'!A12 -> 56 - TUE M7 | C12: Motor M7 | D12: =_Vnom -> 380 | E12: ='Previsão de Cargas'!D12 -> 15 | F12: ='Previsão de Cargas'!I12 -> 12.094156 | G12: ='Previsão de Cargas'!E12 -> 0.83 | H12: ='Previsão de Cargas'!K12 -> 8.1273221 | I12: ='Previsão de Cargas'!L12 -> 22.138758 | J12: ='Capac.Cond.Corre.'!E10 -> 1 | K12: ='Capac.Cond.Corre.'!G10 -> 0.72 | L12: ='Capac.Cond.Corre.'!J10 -> PVC 0,6/1 kV (Sintenax) | M12: 2 | N12: ='Queda de Tensão'!K10 -> 4 | O12: =Proteção!J12 -> 3RU11 26-4AB0 | P12: =Proteção!I12 -> 15.977272 | Q12: =Proteção!N12 -> K1/K2: 3RT10 26-1AQ00 | K3: 3RT10 23-1AQ00 (9 A) | R12: =Proteção!M12 -> 25 | S12: =Proteção!Q12 -> Diazed DIII gG (5SB4 11) | T12: =Proteção!R12 -> 35 | U12: — | V12: — | W12: — | X12: —
A13: ='Previsão de Cargas'!A13 -> 57 - TUE M8 | C13: Motor M8 | D13: =_Vnom -> 380 | E13: ='Previsão de Cargas'!D13 -> 15 | F13: ='Previsão de Cargas'!I13 -> 12.094156 | G13: ='Previsão de Cargas'!E13 -> 0.83 | H13: ='Previsão de Cargas'!K13 -> 8.1273221 | I13: ='Previsão de Cargas'!L13 -> 22.138758 | J13: ='Capac.Cond.Corre.'!E11 -> 1 | K13: ='Capac.Cond.Corre.'!G11 -> 0.72 | L13: ='Capac.Cond.Corre.'!J11 -> PVC 0,6/1 kV (Sintenax) | M13: 2 | N13: ='Queda de Tensão'!K11 -> 4 | O13: =Proteção!J13 -> 3RU11 26-4AB0 | P13: =Proteção!I13 -> 15.977272 | Q13: =Proteção!N13 -> K1/K2: 3RT10 26-1AQ00 | K3: 3RT10 23-1AQ00 (9 A) | R13: =Proteção!M13 -> 25 | S13: =Proteção!Q13 -> Diazed DIII gG (5SB4 11) | T13: =Proteção!R13 -> 35 | U13: — | V13: — | W13: — | X13: —
A14: ='Previsão de Cargas'!A14 -> 58 - TUE M9 | B14: ='Previsão de Cargas'!B14 -> CCM2 | C14: Motor M9 | D14: =_Vnom -> 380 | E14: ='Previsão de Cargas'!D14 -> 10 | F14: ='Previsão de Cargas'!I14 -> 8.0978261 | G14: ='Previsão de Cargas'!E14 -> 0.84 | H14: ='Previsão de Cargas'!K14 -> 5.2306789 | I14: ='Previsão de Cargas'!L14 -> 14.646874 | J14: ='Capac.Cond.Corre.'!E12 -> 1 | K14: ='Capac.Cond.Corre.'!G12 -> 0.72 | L14: ='Capac.Cond.Corre.'!J12 -> PVC 0,6/1 kV (Sintenax) | M14: 1 | N14: ='Queda de Tensão'!K12 -> 4 | O14: =Proteção!J14 -> 3RU11 26-4BB0 | P14: =Proteção!I14 -> 18.308592 | Q14: =Proteção!N14 -> 3RT10 26-1AQ00 | R14: =Proteção!M14 -> 25 | S14: =Proteção!Q14 -> Diazed DIII gG (5SB4 11) | T14: =Proteção!R14 -> 35 | U14: — | V14: — | W14: — | X14: —
A15: ='Previsão de Cargas'!A15 -> 59 - TUE M10 | C15: Motor M10 | D15: =_Vnom -> 380 | E15: ='Previsão de Cargas'!D15 -> 10 | F15: ='Previsão de Cargas'!I15 -> 8.0978261 | G15: ='Previsão de Cargas'!E15 -> 0.84 | H15: ='Previsão de Cargas'!K15 -> 5.2306789 | I15: ='Previsão de Cargas'!L15 -> 14.646874 | J15: ='Capac.Cond.Corre.'!E13 -> 1 | K15: ='Capac.Cond.Corre.'!G13 -> 0.72 | L15: ='Capac.Cond.Corre.'!J13 -> PVC 0,6/1 kV (Sintenax) | M15: 1 | N15: ='Queda de Tensão'!K13 -> 4 | O15: =Proteção!J15 -> 3RU11 26-4BB0 | P15: =Proteção!I15 -> 18.308592 | Q15: =Proteção!N15 -> 3RT10 26-1AQ00 | R15: =Proteção!M15 -> 25 | S15: =Proteção!Q15 -> Diazed DIII gG (5SB4 11) | T15: =Proteção!R15 -> 35 | U15: — | V15: — | W15: — | X15: —
A16: ='Previsão de Cargas'!A16 -> 60 - TUE M11 | C16: Motor M11 | D16: =_Vnom -> 380 | E16: ='Previsão de Cargas'!D16 -> 10 | F16: ='Previsão de Cargas'!I16 -> 8.0978261 | G16: ='Previsão de Cargas'!E16 -> 0.84 | H16: ='Previsão de Cargas'!K16 -> 5.2306789 | I16: ='Previsão de Cargas'!L16 -> 14.646874 | J16: ='Capac.Cond.Corre.'!E14 -> 1 | K16: ='Capac.Cond.Corre.'!G14 -> 0.72 | L16: ='Capac.Cond.Corre.'!J14 -> PVC 0,6/1 kV (Sintenax) | M16: 1 | N16: ='Queda de Tensão'!K14 -> 4 | O16: =Proteção!J16 -> 3RU11 26-4BB0 | P16: =Proteção!I16 -> 18.308592 | Q16: =Proteção!N16 -> 3RT10 26-1AQ00 | R16: =Proteção!M16 -> 25 | S16: =Proteção!Q16 -> Diazed DIII gG (5SB4 11) | T16: =Proteção!R16 -> 35 | U16: — | V16: — | W16: — | X16: —
A17: ='Previsão de Cargas'!A17 -> 61 - TUE M12 | C17: Motor M12 | D17: =_Vnom -> 380 | E17: ='Previsão de Cargas'!D17 -> 10 | F17: ='Previsão de Cargas'!I17 -> 8.0978261 | G17: ='Previsão de Cargas'!E17 -> 0.84 | H17: ='Previsão de Cargas'!K17 -> 5.2306789 | I17: ='Previsão de Cargas'!L17 -> 14.646874 | J17: ='Capac.Cond.Corre.'!E15 -> 1 | K17: ='Capac.Cond.Corre.'!G15 -> 0.72 | L17: ='Capac.Cond.Corre.'!J15 -> PVC 0,6/1 kV (Sintenax) | M17: 1 | N17: ='Queda de Tensão'!K15 -> 4 | O17: =Proteção!J17 -> 3RU11 26-4BB0 | P17: =Proteção!I17 -> 18.308592 | Q17: =Proteção!N17 -> 3RT10 26-1AQ00 | R17: =Proteção!M17 -> 25 | S17: =Proteção!Q17 -> Diazed DIII gG (5SB4 11) | T17: =Proteção!R17 -> 35 | U17: — | V17: — | W17: — | X17: —
A18: ='Previsão de Cargas'!A18 -> 62 - TUE M13 | C18: Motor M13 | D18: =_Vnom -> 380 | E18: ='Previsão de Cargas'!D18 -> 30 | F18: ='Previsão de Cargas'!I18 -> 23.776596 | G18: ='Previsão de Cargas'!E18 -> 0.81 | H18: ='Previsão de Cargas'!K18 -> 17.213958 | I18: ='Previsão de Cargas'!L18 -> 44.598518 | J18: ='Capac.Cond.Corre.'!E16 -> 1 | K18: ='Capac.Cond.Corre.'!G16 -> 0.72 | L18: ='Capac.Cond.Corre.'!J16 -> PVC 0,6/1 kV (Sintenax) | M18: 2 | N18: ='Queda de Tensão'!K16 -> 16 | O18: =Proteção!J18 -> 3RU11 36-4FB0 | P18: =Proteção!I18 -> 32.186208 | Q18: =Proteção!N18 -> K1/K2: 3RT10 36-1AQ00 | K3: 3RT10 25-1AQ00 (17 A) | R18: =Proteção!M18 -> 50 | S18: =Proteção!Q18 -> NH00 gG (3NA3 824) | T18: =Proteção!R18 -> 80 | U18: — | V18: — | W18: — | X18: —
A19: ='Previsão de Cargas'!A19 -> 63 - TUE M14 | C19: Motor M14 | D19: =_Vnom -> 380 | E19: ='Previsão de Cargas'!D19 -> 30 | F19: ='Previsão de Cargas'!I19 -> 23.776596 | G19: ='Previsão de Cargas'!E19 -> 0.81 | H19: ='Previsão de Cargas'!K19 -> 17.213958 | I19: ='Previsão de Cargas'!L19 -> 44.598518 | J19: ='Capac.Cond.Corre.'!E17 -> 1 | K19: ='Capac.Cond.Corre.'!G17 -> 0.72 | L19: ='Capac.Cond.Corre.'!J17 -> PVC 0,6/1 kV (Sintenax) | M19: 2 | N19: ='Queda de Tensão'!K17 -> 16 | O19: =Proteção!J19 -> 3RU11 36-4FB0 | P19: =Proteção!I19 -> 32.186208 | Q19: =Proteção!N19 -> K1/K2: 3RT10 36-1AQ00 | K3: 3RT10 25-1AQ00 (17 A) | R19: =Proteção!M19 -> 50 | S19: =Proteção!Q19 -> NH00 gG (3NA3 824) | T19: =Proteção!R19 -> 80 | U19: — | V19: — | W19: — | X19: —
A20: ='Previsão de Cargas'!A20 -> 64 - TUE M15 | B20: ='Previsão de Cargas'!B20 -> CCM3 | C20: Motor M15 | D20: =_Vnom -> 380 | E20: ='Previsão de Cargas'!D20 -> 7.5 | F20: ='Previsão de Cargas'!I20 -> 6.1401099 | G20: ='Previsão de Cargas'!E20 -> 0.78 | H20: ='Previsão de Cargas'!K20 -> 4.9260961 | I20: ='Previsão de Cargas'!L20 -> 11.960169 | J20: ='Capac.Cond.Corre.'!E18 -> 1 | K20: ='Capac.Cond.Corre.'!G18 -> 0.72 | L20: ='Capac.Cond.Corre.'!J18 -> PVC 0,6/1 kV (Sintenax) | M20: 1 | N20: ='Queda de Tensão'!K18 -> 2.5 | O20: =Proteção!J20 -> 3RU11 26-4AB0 | P20: =Proteção!I20 -> 14.950211 | Q20: =Proteção!N20 -> 3RT10 25-1AQ00 | R20: =Proteção!M20 -> 17 | S20: =Proteção!Q20 -> Diazed DII gG (5SB2 81) | T20: =Proteção!R20 -> 25 | U20: — | V20: — | W20: — | X20: —
A21: ='Previsão de Cargas'!A21 -> 65 - TUE M16 | C21: Motor M16 | D21: =_Vnom -> 380 | E21: ='Previsão de Cargas'!D21 -> 7.5 | F21: ='Previsão de Cargas'!I21 -> 6.1401099 | G21: ='Previsão de Cargas'!E21 -> 0.78 | H21: ='Previsão de Cargas'!K21 -> 4.9260961 | I21: ='Previsão de Cargas'!L21 -> 11.960169 | J21: ='Capac.Cond.Corre.'!E19 -> 1 | K21: ='Capac.Cond.Corre.'!G19 -> 0.72 | L21: ='Capac.Cond.Corre.'!J19 -> PVC 0,6/1 kV (Sintenax) | M21: 1 | N21: ='Queda de Tensão'!K19 -> 2.5 | O21: =Proteção!J21 -> 3RU11 26-4AB0 | P21: =Proteção!I21 -> 14.950211 | Q21: =Proteção!N21 -> 3RT10 25-1AQ00 | R21: =Proteção!M21 -> 17 | S21: =Proteção!Q21 -> Diazed DII gG (5SB2 81) | T21: =Proteção!R21 -> 25 | U21: — | V21: — | W21: — | X21: —
A22: ='Previsão de Cargas'!A22 -> 66 - TUE M17 | C22: Motor M17 | D22: =_Vnom -> 380 | E22: ='Previsão de Cargas'!D22 -> 7.5 | F22: ='Previsão de Cargas'!I22 -> 6.1401099 | G22: ='Previsão de Cargas'!E22 -> 0.78 | H22: ='Previsão de Cargas'!K22 -> 4.9260961 | I22: ='Previsão de Cargas'!L22 -> 11.960169 | J22: ='Capac.Cond.Corre.'!E20 -> 1 | K22: ='Capac.Cond.Corre.'!G20 -> 0.72 | L22: ='Capac.Cond.Corre.'!J20 -> PVC 0,6/1 kV (Sintenax) | M22: 1 | N22: ='Queda de Tensão'!K20 -> 2.5 | O22: =Proteção!J22 -> 3RU11 26-4AB0 | P22: =Proteção!I22 -> 14.950211 | Q22: =Proteção!N22 -> 3RT10 25-1AQ00 | R22: =Proteção!M22 -> 17 | S22: =Proteção!Q22 -> Diazed DII gG (5SB2 81) | T22: =Proteção!R22 -> 25 | U22: — | V22: — | W22: — | X22: —
A23: ='Previsão de Cargas'!A23 -> 67 - TUE M18 | C23: Motor M18 | D23: =_Vnom -> 380 | E23: ='Previsão de Cargas'!D23 -> 7.5 | F23: ='Previsão de Cargas'!I23 -> 6.1401099 | G23: ='Previsão de Cargas'!E23 -> 0.78 | H23: ='Previsão de Cargas'!K23 -> 4.9260961 | I23: ='Previsão de Cargas'!L23 -> 11.960169 | J23: ='Capac.Cond.Corre.'!E21 -> 1 | K23: ='Capac.Cond.Corre.'!G21 -> 0.72 | L23: ='Capac.Cond.Corre.'!J21 -> PVC 0,6/1 kV (Sintenax) | M23: 1 | N23: ='Queda de Tensão'!K21 -> 2.5 | O23: =Proteção!J23 -> 3RU11 26-4AB0 | P23: =Proteção!I23 -> 14.950211 | Q23: =Proteção!N23 -> 3RT10 25-1AQ00 | R23: =Proteção!M23 -> 17 | S23: =Proteção!Q23 -> Diazed DII gG (5SB2 81) | T23: =Proteção!R23 -> 25 | U23: — | V23: — | W23: — | X23: —
A24: ='Previsão de Cargas'!A24 -> 68 - TUE M19 | C24: Motor M19 | D24: =_Vnom -> 380 | E24: ='Previsão de Cargas'!D24 -> 20 | F24: ='Previsão de Cargas'!I24 -> 16.021505 | G24: ='Previsão de Cargas'!E24 -> 0.81 | H24: ='Previsão de Cargas'!K24 -> 11.59937 | I24: ='Previsão de Cargas'!L24 -> 30.052048 | J24: ='Capac.Cond.Corre.'!E22 -> 1 | K24: ='Capac.Cond.Corre.'!G22 -> 0.72 | L24: ='Capac.Cond.Corre.'!J22 -> PVC 0,6/1 kV (Sintenax) | M24: 2 | N24: ='Queda de Tensão'!K22 -> 6 | O24: =Proteção!J24 -> 3RU11 36-4DB0 | P24: =Proteção!I24 -> 21.688198 | Q24: =Proteção!N24 -> K1/K2: 3RT10 34-1AQ00 | K3: 3RT10 24-1AQ00 (12 A) | R24: =Proteção!M24 -> 32 | S24: =Proteção!Q24 -> Diazed DIII gG (5SB4 21) | T24: =Proteção!R24 -> 50 | U24: — | V24: — | W24: — | X24: —
A25: ='Previsão de Cargas'!A25 -> 69 - TUE M20 | C25: Motor M20 | D25: =_Vnom -> 380 | E25: ='Previsão de Cargas'!D25 -> 20 | F25: ='Previsão de Cargas'!I25 -> 16.021505 | G25: ='Previsão de Cargas'!E25 -> 0.81 | H25: ='Previsão de Cargas'!K25 -> 11.59937 | I25: ='Previsão de Cargas'!L25 -> 30.052048 | J25: ='Capac.Cond.Corre.'!E23 -> 1 | K25: ='Capac.Cond.Corre.'!G23 -> 0.72 | L25: ='Capac.Cond.Corre.'!J23 -> PVC 0,6/1 kV (Sintenax) | M25: 2 | N25: ='Queda de Tensão'!K23 -> 6 | O25: =Proteção!J25 -> 3RU11 36-4DB0 | P25: =Proteção!I25 -> 21.688198 | Q25: =Proteção!N25 -> K1/K2: 3RT10 34-1AQ00 | K3: 3RT10 24-1AQ00 (12 A) | R25: =Proteção!M25 -> 32 | S25: =Proteção!Q25 -> Diazed DIII gG (5SB4 21) | T25: =Proteção!R25 -> 50 | U25: — | V25: — | W25: — | X25: —
A26: ='Previsão de Cargas'!A26 -> 70 - TUE M21 | C26: Motor M21 | D26: =_Vnom -> 380 | E26: ='Previsão de Cargas'!D26 -> 40 | F26: ='Previsão de Cargas'!I26 -> 31.567797 | G26: ='Previsão de Cargas'!E26 -> 0.84 | H26: ='Previsão de Cargas'!K26 -> 20.390782 | I26: ='Previsão de Cargas'!L26 -> 57.097982 | J26: ='Capac.Cond.Corre.'!E24 -> 1 | K26: ='Capac.Cond.Corre.'!G24 -> 0.72 | L26: ='Capac.Cond.Corre.'!J24 -> PVC 0,6/1 kV (Sintenax) | M26: 2 | N26: ='Queda de Tensão'!K24 -> 16 | O26: =Proteção!J26 -> 3RU11 46-4HB0 | P26: =Proteção!I26 -> 41.206919 | Q26: =Proteção!N26 -> K1/K2: 3RT10 44-1AQ00 | K3: 3RT10 26-1AQ00 (25 A) | R26: =Proteção!M26 -> 65 | S26: =Proteção!Q26 -> NH00 gG (3NA3 830) | T26: =Proteção!R26 -> 100 | U26: — | V26: — | W26: — | X26: —
A27: ='Previsão de Cargas'!A27 -> 71 - TUE M22 | C27: Motor M22 | D27: =_Vnom -> 380 | E27: ='Previsão de Cargas'!D27 -> 40 | F27: ='Previsão de Cargas'!I27 -> 31.567797 | G27: ='Previsão de Cargas'!E27 -> 0.84 | H27: ='Previsão de Cargas'!K27 -> 20.390782 | I27: ='Previsão de Cargas'!L27 -> 57.097982 | J27: ='Capac.Cond.Corre.'!E25 -> 1 | K27: ='Capac.Cond.Corre.'!G25 -> 0.72 | L27: ='Capac.Cond.Corre.'!J25 -> PVC 0,6/1 kV (Sintenax) | M27: 2 | N27: ='Queda de Tensão'!K25 -> 16 | O27: =Proteção!J27 -> 3RU11 46-4HB0 | P27: =Proteção!I27 -> 41.206919 | Q27: =Proteção!N27 -> K1/K2: 3RT10 44-1AQ00 | K3: 3RT10 26-1AQ00 (25 A) | R27: =Proteção!M27 -> 65 | S27: =Proteção!Q27 -> NH00 gG (3NA3 830) | T27: =Proteção!R27 -> 100 | U27: — | V27: — | W27: — | X27: —
A28: ='Previsão de Cargas'!A28 -> 72 - TUE M23 | B28: ='Previsão de Cargas'!B28 -> CCM4 | C28: Motor M23 | D28: =_Vnom -> 380 | E28: ='Previsão de Cargas'!D28 -> 75 | F28: ='Previsão de Cargas'!I28 -> 58.569182 | G28: ='Previsão de Cargas'!E28 -> 0.87 | H28: ='Previsão de Cargas'!K28 -> 33.192685 | I28: ='Previsão de Cargas'!L28 -> 102.28352 | J28: ='Capac.Cond.Corre.'!E26 -> 1 | K28: ='Capac.Cond.Corre.'!G26 -> 0.88 | L28: ='Capac.Cond.Corre.'!J26 -> EPR 0,6/1 kV (Afumex) | M28: 1 | N28: ='Queda de Tensão'!K26 -> 35 | O28: =Proteção!I28 -> Soft-starter WEG SSW07 0130 (130 A) – proteção de sobrecarga integrada, ajuste = FS×IN ≈ 128 A – A CONFIRMAR (pesquisa no catálogo WEG) | Q28: =Proteção!N28 -> 3RT10 55 (150 A) – A CONFIRMAR (slide: mesmo fabricante da soft-starter) | R28: =Proteção!M28 -> 150 | S28: =Proteção!Q28 -> aR ultrarrápido NH1 (WEG FNH1-400K-A) – A CONFIRMAR no manual SSW07 | T28: =Proteção!R28 -> 400 | U28: Seccionadora conforme fusível – A CONFIRMAR | V28: =Proteção!R28 -> 400 | W28: — | X28: —
A29: ='Previsão de Cargas'!A29 -> 73 - TUE M24 | C29: Motor M24 | D29: =_Vnom -> 380 | E29: ='Previsão de Cargas'!D29 -> 75 | F29: ='Previsão de Cargas'!I29 -> 58.569182 | G29: ='Previsão de Cargas'!E29 -> 0.87 | H29: ='Previsão de Cargas'!K29 -> 33.192685 | I29: ='Previsão de Cargas'!L29 -> 102.28352 | J29: ='Capac.Cond.Corre.'!E27 -> 1 | K29: ='Capac.Cond.Corre.'!G27 -> 0.88 | L29: ='Capac.Cond.Corre.'!J27 -> EPR 0,6/1 kV (Afumex) | M29: 1 | N29: ='Queda de Tensão'!K27 -> 35 | O29: =Proteção!I29 -> Soft-starter WEG SSW07 0130 (130 A) – proteção de sobrecarga integrada, ajuste = FS×IN ≈ 128 A – A CONFIRMAR (pesquisa no catálogo WEG) | Q29: =Proteção!N29 -> 3RT10 55 (150 A) – A CONFIRMAR (slide: mesmo fabricante da soft-starter) | R29: =Proteção!M29 -> 150 | S29: =Proteção!Q29 -> aR ultrarrápido NH1 (WEG FNH1-400K-A) – A CONFIRMAR no manual SSW07 | T29: =Proteção!R29 -> 400 | U29: Seccionadora conforme fusível – A CONFIRMAR | V29: =Proteção!R29 -> 400 | W29: — | X29: —
A30: ='Capac.Cond.Corre.'!A28 -> Alimentador QD1 | B30: ='Previsão de Cargas'!P6 -> QGBT | C30: ='Previsão de Cargas'!Q6 -> QD1 | D30: =_Vnom -> 380 | E30: — | F30: ='Previsão de Cargas'!R6 -> 55.961 | G30: ='Previsão de Cargas'!R6/'Previsão de Cargas'!T6 -> 0.80985314 | H30: ='Previsão de Cargas'!S6 -> 40.536424 | I30: ='Capac.Cond.Corre.'!D28 -> 120.96539 | J30: ='Capac.Cond.Corre.'!E28 -> 1 | K30: ='Capac.Cond.Corre.'!G28 -> 0.79 | L30: ='Capac.Cond.Corre.'!J28 -> EPR 0,6/1 kV (Afumex) | M30: 1 | N30: ='Queda de Tensão'!K28 -> 35 | O30: — | P30: — | Q30: — | R30: — | S30: — | T30: — | U30: — | V30: — | W30: =Proteção!AC30 -> Disjuntor termomagnético tripolar (Tarefa 1) | X30: =Proteção!AD30 -> 125
A31: ='Capac.Cond.Corre.'!A29 -> Alimentador QD2 | C31: ='Previsão de Cargas'!Q7 -> QD2 | D31: =_Vnom -> 380 | E31: — | F31: ='Previsão de Cargas'!R7 -> 77.6251 | G31: ='Previsão de Cargas'!R7/'Previsão de Cargas'!T7 -> 0.81892226 | H31: ='Previsão de Cargas'!S7 -> 54.400025 | I31: ='Capac.Cond.Corre.'!D29 -> 161.92454 | J31: ='Capac.Cond.Corre.'!E29 -> 1 | K31: ='Capac.Cond.Corre.'!G29 -> 0.79 | L31: ='Capac.Cond.Corre.'!J29 -> EPR 0,6/1 kV (Afumex) | M31: 1 | N31: ='Queda de Tensão'!K29 -> 70 | O31: — | P31: — | Q31: — | R31: — | S31: — | T31: — | U31: — | V31: — | W31: =Proteção!AC31 -> Disjuntor termomagnético tripolar (Tarefa 1) | X31: =Proteção!AD31 -> 200
A32: ='Capac.Cond.Corre.'!A30 -> Alimentador QD3 | C32: ='Previsão de Cargas'!Q8 -> QD3 | D32: =_Vnom -> 380 | E32: — | F32: ='Previsão de Cargas'!R8 -> 19.5458 | G32: ='Previsão de Cargas'!R8/'Previsão de Cargas'!T8 -> 0.90687459 | H32: ='Previsão de Cargas'!S8 -> 9.082416 | I32: ='Capac.Cond.Corre.'!D30 -> 42.545059 | J32: ='Capac.Cond.Corre.'!E30 -> 1 | K32: ='Capac.Cond.Corre.'!G30 -> 1 | L32: ='Capac.Cond.Corre.'!J30 -> PVC 450/750 V (T1, eletroduto embutido) | M32: 1 | N32: ='Queda de Tensão'!K30 -> 10 | O32: — | P32: — | Q32: — | R32: — | S32: — | T32: — | U32: — | V32: — | W32: =Proteção!AC32 -> Disjuntor termomagnético tripolar (Tarefa 1) | X32: =Proteção!AD32 -> 50
A33: ='Capac.Cond.Corre.'!A31 -> Alimentador QD4 | C33: ='Previsão de Cargas'!Q9 -> QD4 | D33: =_Vnom -> 380 | E33: — | F33: ='Previsão de Cargas'!R9 -> 22.596 | G33: ='Previsão de Cargas'!R9/'Previsão de Cargas'!T9 -> 0.92212143 | H33: ='Previsão de Cargas'!S9 -> 9.4807533 | I33: ='Capac.Cond.Corre.'!D31 -> 53.023454 | J33: ='Capac.Cond.Corre.'!E31 -> 1 | K33: ='Capac.Cond.Corre.'!G31 -> 1 | L33: ='Capac.Cond.Corre.'!J31 -> PVC 450/750 V (T1, eletroduto embutido) | M33: 1 | N33: ='Queda de Tensão'!K31 -> 16 | O33: — | P33: — | Q33: — | R33: — | S33: — | T33: — | U33: — | V33: — | W33: =Proteção!AC33 -> Disjuntor termomagnético tripolar (Tarefa 1) | X33: =Proteção!AD33 -> 63
A34: ='Capac.Cond.Corre.'!A32 -> Alimentador CCM1 | C34: ='Previsão de Cargas'!Q10 -> CCM1 | D34: =_Vnom -> 380 | E34: — | F34: ='Previsão de Cargas'!R10 -> 65.024668 | G34: ='Previsão de Cargas'!R10/'Previsão de Cargas'!T10 -> 0.81457314 | H34: ='Previsão de Cargas'!S10 -> 46.304332 | I34: ='Capac.Cond.Corre.'!D32 -> 80.532636 | J34: ='Capac.Cond.Corre.'!E32 -> 1 | K34: ='Capac.Cond.Corre.'!G32 -> 0.79 | L34: ='Capac.Cond.Corre.'!J32 -> EPR 0,6/1 kV (Afumex) | M34: 1 | N34: ='Queda de Tensão'!K32 -> 25 | O34: — | P34: — | Q34: — | R34: — | S34: =Proteção!Y6 -> NH00 gG (3NA3 836) | T34: =Proteção!Z6 -> 160 | U34: =Proteção!AA6 -> Seccionadora tripolar sob carga 160 A, com base NH00 | V34: =Proteção!AB6 -> 160 | W34: =Proteção!AC6 -> Disjuntor termomagnético tripolar (caixa moldada), no QGBT | X34: =Proteção!AD6 -> 100
A35: ='Capac.Cond.Corre.'!A33 -> Alimentador CCM2 | C35: ='Previsão de Cargas'!Q11 -> CCM2 | D35: =_Vnom -> 380 | E35: — | F35: ='Previsão de Cargas'!R11 -> 79.944496 | G35: ='Previsão de Cargas'!R11/'Previsão de Cargas'!T11 -> 0.82217081 | H35: ='Previsão de Cargas'!S11 -> 55.350632 | I35: ='Capac.Cond.Corre.'!D33 -> 99.522631 | J35: ='Capac.Cond.Corre.'!E33 -> 1 | K35: ='Capac.Cond.Corre.'!G33 -> 0.79 | L35: ='Capac.Cond.Corre.'!J33 -> EPR 0,6/1 kV (Afumex) | M35: 1 | N35: ='Queda de Tensão'!K33 -> 25 | O35: — | P35: — | Q35: — | R35: — | S35: =Proteção!Y14 -> NH1 gG (3NA3 140) | T35: =Proteção!Z14 -> 200 | U35: =Proteção!AA14 -> Seccionadora tripolar sob carga 200 A, com base NH1 | V35: =Proteção!AB14 -> 200 | W35: =Proteção!AC14 -> Disjuntor termomagnético tripolar (caixa moldada), no QGBT | X35: =Proteção!AD14 -> 100
A36: ='Capac.Cond.Corre.'!A34 -> Alimentador CCM3 | C36: ='Previsão de Cargas'!Q12 -> CCM3 | D36: =_Vnom -> 380 | E36: — | F36: ='Previsão de Cargas'!R12 -> 119.73904 | G36: ='Previsão de Cargas'!R12/'Previsão de Cargas'!T12 -> 0.81965826 | H36: ='Previsão de Cargas'!S12 -> 83.684688 | I36: ='Capac.Cond.Corre.'!D34 -> 150.16348 | J36: ='Capac.Cond.Corre.'!E34 -> 1 | K36: ='Capac.Cond.Corre.'!G34 -> 0.79 | L36: ='Capac.Cond.Corre.'!J34 -> EPR 0,6/1 kV (Afumex) | M36: 1 | N36: ='Queda de Tensão'!K34 -> 50 | O36: — | P36: — | Q36: — | R36: — | S36: =Proteção!Y20 -> NH2 gG (3NA3 250) | T36: =Proteção!Z20 -> 300 | U36: =Proteção!AA20 -> Seccionadora tripolar sob carga 300 A, com base NH2 | V36: =Proteção!AB20 -> 300 | W36: =Proteção!AC20 -> Disjuntor termomagnético tripolar (caixa moldada), no QGBT | X36: =Proteção!AD20 -> 160
A37: ='Capac.Cond.Corre.'!A35 -> Alimentador CCM4 | C37: ='Previsão de Cargas'!Q13 -> CCM4 | D37: =_Vnom -> 380 | E37: — | F37: ='Previsão de Cargas'!R13 -> 117.13836 | G37: ='Previsão de Cargas'!R13/'Previsão de Cargas'!T13 -> 0.87 | H37: ='Previsão de Cargas'!S13 -> 66.385371 | I37: ='Capac.Cond.Corre.'!D35 -> 160.176 | J37: ='Capac.Cond.Corre.'!E35 -> 1 | K37: ='Capac.Cond.Corre.'!G35 -> 0.79 | L37: ='Capac.Cond.Corre.'!J35 -> EPR 0,6/1 kV (Afumex) | M37: 1 | N37: ='Queda de Tensão'!K35 -> 70 | O37: — | P37: — | Q37: — | R37: — | S37: =Proteção!Y28 -> NH3 gG (3NA3 372) | T37: =Proteção!Z28 -> 630 | U37: =Proteção!AA28 -> Seccionadora tripolar sob carga 630 A, com base NH3 – depende do fusível do 75 HP (A CONFIRMAR) | V37: =Proteção!AB28 -> 630 | W37: =Proteção!AC28 -> Disjuntor termomagnético tripolar (caixa moldada), no QGBT | X37: =Proteção!AD28 -> 200

Sheet Comparativo entre os Métodos 
A1: Instalação | B1: 2.5 | C1: 4 | D1: 6 | E1: 10 | F1: 16 | G1: 25 | H1: 35 | I1: 50 | J1: 70 | K1: 95 | L1: 120 | M1: 150 | N1: 185 | O1: 240
A2: PVCB12 | B2: 24 | C2: 32 | D2: 41 | E2: 57 | F2: 76 | G2: 101 | H2: 125 | I2: 151 | J2: 192 | K2: 232 | L2: 269 | M2: 309 | N2: 353 | O2: 415
A3: PVCB13 | B3: 21 | C3: 28 | D3: 36 | E3: 50 | F3: 68 | G3: 89 | H3: 110 | I3: 134 | J3: 171 | K3: 207 | L3: 239 | M3: 275 | N3: 314 | O3: 370
A4: PVCB22 | B4: 23 | C4: 30 | D4: 38 | E4: 52 | F4: 69 | G4: 90 | H4: 111 | I4: 133 | J4: 168 | K4: 201 | L4: 232 | M4: 265 | N4: 300 | O4: 351
A5: PVCB23 | B5: 20 | C5: 27 | D5: 34 | E5: 46 | F5: 62 | G5: 80 | H5: 99 | I5: 118 | J5: 149 | K5: 179 | L5: 206 | M5: 236 | N5: 268 | O5: 313
A6: PVCC2 | B6: 27 | C6: 36 | D6: 46 | E6: 63 | F6: 85 | G6: 112 | H6: 138 | I6: 168 | J6: 213 | K6: 258 | L6: 299 | M6: 344 | N6: 392 | O6: 461
A7: PVCC3 | B7: 24 | C7: 32 | D7: 41 | E7: 57 | F7: 76 | G7: 96 | H7: 119 | I7: 144 | J7: 184 | K7: 223 | L7: 259 | M7: 299 | N7: 341 | O7: 403
A8: PVCD2 | B8: 29 | C8: 38 | D8: 47 | E8: 63 | F8: 81 | G8: 104 | H8: 125 | I8: 148 | J8: 183 | K8: 216 | L8: 246 | M8: 278 | N8: 312 | O8: 361
A9: PVCD3 | B9: 24 | C9: 31 | D9: 39 | E9: 52 | F9: 67 | G9: 86 | H9: 103 | I9: 122 | J9: 151 | K9: 179 | L9: 203 | M9: 230 | N9: 258 | O9: 297
A10: PVCUFJ2 | B10: 31 | C10: 41 | D10: 53 | E10: 73 | F10: 99 | G10: 131 | H10: 162 | I10: 196 | J10: 251 | K10: 304 | L10: 352 | M10: 406 | N10: 463 | O10: 546
A11: PVCUFJ3 | B11: 25 | C11: 34 | D11: 45 | E11: 61 | F11: 85 | G11: 114 | H11: 143 | I11: 174 | J11: 225 | K11: 275 | L11: 321 | M11: 372 | N11: 427 | O11: 507
A12: PVCUFT3 | B12: 24 | C12: 33 | D12: 43 | E12: 60 | F12: 82 | G12: 110 | H12: 137 | I12: 167 | J12: 216 | K12: 264 | L12: 308 | M12: 356 | N12: 409 | O12: 485
D15: Até 61 A | E15: 62 - 79 A | F15: 80 - 117 A | G15: 118 - 148 A | H15: 149 - 202 A | I15: 203 - 257 A | J15: 258 - 546 A
D16: PVCB23 | E16: PVCB23 | F16: PVCB23 | G16: PVCB23 | H16: PVCB23 | I16: PVCD3 | J16: PVCD3
D17: PVCB13 | E17: PVCD3 | F17: PVCD3 | G17: PVCD3 | H17: PVCD3 | I17: PVCB23 | J17: PVCB23
D18: PVCB22 | E18: PVCB13 | F18: PVCB13 | G18: PVCB22 | H18: PVCB22 | I18: PVCB22 | J18: PVCB22
D19: PVCD3 | E19: PVCB22 | F19: PVCB22 | G19: PVCB13 | H19: PVCB13 | I19: PVCB13 | J19: PVCD2
D20: PVCC3 | E20: PVCC3 | F20: PVCC3 | G20: PVCC3 | H20: PVCD2 | I20: PVCD2 | J20: PVCB13
D21: PVCB12 | E21: PVCB12 | F21: PVCB12 | G21: PVCD2 | H21: PVCC3 | I21: PVCC3 | J21: PVCC3
D22: PVCUFT3 | E22: PVCD2 | F22: PVCD2 | G22: PVCB12 | H22: PVCB12 | I22: PVCB12 | J22: PVCB12
D23: PVCUFJ3 | E23: PVCUFT3 | F23: PVCUFT3 | G23: PVCUFT3 | H23: PVCC2 | I23: PVCC2 | J23: PVCC2
D24: PVCC2 | E24: PVCUFJ3 | F24: PVCC2 | G24: PVCC2 | H24: PVCUFT3 | I24: PVCUFT3 | J24: PVCUFT3
D25: PVCD2 | E25: PVCC2 | F25: PVCUFJ3 | G25: PVCUFJ3 | H25: PVCUFJ3 | I25: PVCUFJ3 | J25: PVCUFJ3
D26: PVCUFJ2 | E26: PVCUFJ2 | F26: PVCUFJ2 | G26: PVCUFJ2 | H26: PVCUFJ2 | I26: PVCUFJ2 | J26: PVCUFJ2
A30: Instalação | B30: PVCB12 | C30: PVCB13 | D30: PVCB22 | E30: PVCB23 | F30: PVCC2 | G30: PVCC3 | H30: PVCD2 | I30: PVCD3 | J30: PVCUFJ2 | K30: PVCUFJ3 | L30: PVCUFT3
A31: 2.5 | B31: 24 | C31: 21 | D31: 23 | E31: 20 | F31: 27 | G31: 24 | H31: 29 | I31: 24 | J31: 31 | K31: 25 | L31: 24
A32: 4 | B32: 32 | C32: 28 | D32: 30 | E32: 27 | F32: 36 | G32: 32 | H32: 38 | I32: 31 | J32: 41 | K32: 34 | L32: 33
A33: 6 | B33: 41 | C33: 36 | D33: 38 | E33: 34 | F33: 46 | G33: 41 | H33: 47 | I33: 39 | J33: 53 | K33: 45 | L33: 43
A34: 10 | B34: 57 | C34: 50 | D34: 52 | E34: 46 | F34: 63 | G34: 57 | H34: 63 | I34: 52 | J34: 73 | K34: 61 | L34: 60
A35: 16 | B35: 76 | C35: 68 | D35: 69 | E35: 62 | F35: 85 | G35: 76 | H35: 81 | I35: 67 | J35: 99 | K35: 85 | L35: 82
A36: 25 | B36: 101 | C36: 89 | D36: 90 | E36: 80 | F36: 112 | G36: 96 | H36: 104 | I36: 86 | J36: 131 | K36: 114 | L36: 110
A37: 35 | B37: 125 | C37: 110 | D37: 111 | E37: 99 | F37: 138 | G37: 119 | H37: 125 | I37: 103 | J37: 162 | K37: 143 | L37: 137
A38: 50 | B38: 151 | C38: 134 | D38: 133 | E38: 118 | F38: 168 | G38: 144 | H38: 148 | I38: 122 | J38: 196 | K38: 174 | L38: 167
A39: 70 | B39: 192 | C39: 171 | D39: 168 | E39: 149 | F39: 213 | G39: 184 | H39: 183 | I39: 151 | J39: 251 | K39: 225 | L39: 216
A40: 95 | B40: 232 | C40: 207 | D40: 201 | E40: 179 | F40: 258 | G40: 223 | H40: 216 | I40: 179 | J40: 304 | K40: 275 | L40: 264
A41: 120 | B41: 269 | C41: 239 | D41: 232 | E41: 206 | F41: 299 | G41: 259 | H41: 246 | I41: 203 | J41: 352 | K41: 321 | L41: 308
A42: 150 | B42: 309 | C42: 275 | D42: 265 | E42: 236 | F42: 344 | G42: 299 | H42: 278 | I42: 230 | J42: 406 | K42: 372 | L42: 356
... A44: 240 | B44: 415 | C44: 370 | D44: 351 | E44: 313 | F44: 461 | G44: 403 | H44: 361 | I44: 297 | J44: 546 | K44: 507 | L44: 485

Sheet Tabela 33
A1: Tipos de linhas elétricas
A3: Método de instalação número | C3: Esquema ilustrativo | F3: Descrição | L3: Método de referência¹
A5: 3 | F5: Condutores isolados ou cabos unipolares em eletroduto aparente de seção circular sobre parede ou espaçado desta menos de 0,3 vez o diâmetro do eletroduto | L5: B1
A9: 5 | F9: Condutores isolados ou cabos unipolares em eletroduto aparente de seção não-circular sobre parede | L9: B1
A13: 7 | F13: Condutores isolados ou cabos unipolares em eletroduto de seção circular embutido em alvenaria | L13: B1
A17: 12 | F17: Cabos unipolares ou cabo multipolar em bandeja não-perfurada, perfilado ou prateleira3) | L17: C
A21: 13 | F21: Cabos unipolares ou cabo multipolar em bandeja perfurada, horizontal ou vertical 4) | L21: E (multipolar) F (unipolares)
A25: 21 | F25: Cabos unipolares ou cabos multipolares em espaço de construção5), sejam eles lançados diretamente sobre a superfície do espaço de construção, sejam instalados em suportes ou condutos abertos (bandeja, prateleira, tela ou leito) dispostos no espaço de construção 5) 6) | L25: 1,5 De ≤ V < 5 De B2 5 De ≤ V < 50 De B1
A30: 22 | F30: Condutores isolados em eletroduto de seção circular em espaço de construção 5) 7) | L30: 1,5 De ≤ V < 20 De B2 V ≥ 20 De B1
A34: 23 | F34: Cabos unipolares ou cabo multipolar em eletroduto de seção circular em espaço de construção 5) 7) | L34: B2
A38: 24 | F38: Condutores isolados em eletroduto de seção não-circular ou eletrocalha em espaço de construção5) | L38: 1,5 De ≤ V < 20 De B2 V ≥ 20 De B1
A42: 25 | F42: Cabos unipolares ou cabo multipolar em eletroduto de seção não-circular ou eletrocalha em espaço de construção 5) | L42: B2
A46: 31 32 | F46: Condutores isolados ou cabos unipolares em eletrocalha sobre parede em percurso horizontal ou vertical | L46: B1
A50: 33 | F50: Condutores isolados ou cabos unipolares em canaleta fechada embutida no piso | L50: B1
A54: 35 | F54: Condutores isolados ou cabos unipolares em eletrocalha ou perfilado suspensa(o) | L54: B1
A58: 41 | F58: Condutores isolados ou cabos unipolares em eletroduto de seção circular contido em canaleta fechada com percurso horizontal ou vertical 7) | L58: 1,5 De ≤ V < 20 De B2 V ≥ 20 De B1
A62: 42 | F62: Condutores isolados em eletroduto de seção circular contido em canaleta ventilada embutida no piso | L62: B1
A66: 61A | F66: Cabos unipolares em eletroduto( de seção não-circular ou não) ou em canaleta não-ventilada enterrado(a)8) | L66: D
A70: 72 72A | F70: 72 - Condutores isolados ou cabos unipolares em canaleta provida de separações sobre parede 72A - Cabo multipolar em canaleta provida de separações sobre parede | L70: B1 B2
A75: 1) Método de referência a ser utilizado na determinação da capacidade de condução de corrente. Ver 6.2.5.1.2.
A76: 2) Assume-se que a face interna da parede apresenta uma condutância térmica não inferior a 10 W/m2.K.
A77: 3) Admitem-se também condutores isolados em perfilado, desde que nas condições definidas na nota de 6.2.11.4.1.
A78: 4) A capacidade de condução de corrente para bandeja perfurada foi determinada considerando-se que os furos
A79: ocupassem no mínimo 30% da área da bandeja. Se os furos ocuparem menos de 30% da área da bandeja, ela deve
A80: ser considerada como "não-perfurada"
A81: 5) Conforme a ABNT NBR IEC 60050 (826), os poços, as galerias, os pisos técnicos, os condutos formados por
A82: blocos alveolados, os forros falsos, os pisos elevados e os espaços internos existentes em certos tipos de divisórias
A83: (como, por exemplo, as paredes de gesso acartonado) são considerados espaços de construção.
A84: 6) De é o diâmetro externo do cabo, no caso de cabo multipolar. No caso de cabos unipolares ou condutores
A85: isolados, distinguem-se duas situações:
A86: - três cabos unipolares (ou condutores isolados) dispostos em trifólio: De deve ser tomado igual a 2,2 vezes o
... A98: considerável da temperatura ambiente no topo do trecho vertical.

Sheet Tabela 36
A1: Capacidades de condução de corrente, em ampères, para os métodos de referência A1, A2, B1, B2, C e D
A3: Condutores: cobre e alumínio
A4: Isolação: PVC
A5: Temperatura no condutor: 70°C
A6: Temperaturas de referência do ambiente: 30°C (ar), 20°C (solo)
A8: Seções nominais mm2 | C8: Métodos de referência indicados na tabela 33
C9: A1 | E9: A2 | G9: B1 | I9: B2 | K9: C | M9: D
C10: Número de condutores carregados
C11: 2 | D11: 3 | E11: 2 | F11: 3 | G11: 2 | H11: 3 | I11: 2 | J11: 3 | K11: 2 | L11: 3 | M11: 2 | N11: 3
A13: -1 | C13: -2 | D13: -3 | E13: -4 | F13: -5 | G13: -6 | H13: -7 | I13: -8 | J13: -9 | K13: -10 | L13: -11 | M13: -12 | N13: -13
A14: Cobre
A15: 0.5 | C15: 7 | D15: 7 | E15: 7 | F15: 7 | G15: 9 | H15: 8 | I15: 9 | J15: 8 | K15: 10 | L15: 9 | M15: 12 | N15: 10
A16: 0.75 | C16: 9 | D16: 9 | E16: 9 | F16: 9 | G16: 11 | H16: 10 | I16: 11 | J16: 10 | K16: 13 | L16: 11 | M16: 15 | N16: 12
A17: 1 | C17: 11 | D17: 10 | E17: 11 | F17: 10 | G17: 14 | H17: 12 | I17: 13 | J17: 12 | K17: 15 | L17: 14 | M17: 18 | N17: 15
A18: 1.5 | C18: 14.5 | D18: 13.5 | E18: 14 | F18: 13 | G18: 17.5 | H18: 15.5 | I18: 16.5 | J18: 15 | K18: 19.5 | L18: 17.5 | M18: 22 | N18: 18
A19: 2.5 | C19: 19.5 | D19: 18 | E19: 18.5 | F19: 17.5 | G19: 24 | H19: 21 | I19: 23 | J19: 20 | K19: 27 | L19: 24 | M19: 29 | N19: 24
A20: 4 | C20: 26 | D20: 24 | E20: 25 | F20: 23 | G20: 32 | H20: 28 | I20: 30 | J20: 27 | K20: 36 | L20: 32 | M20: 38 | N20: 31
A21: 6 | C21: 34 | D21: 31 | E21: 32 | F21: 29 | G21: 41 | H21: 36 | I21: 38 | J21: 34 | K21: 46 | L21: 41 | M21: 47 | N21: 39
A22: 10 | C22: 46 | D22: 42 | E22: 43 | F22: 39 | G22: 57 | H22: 50 | I22: 52 | J22: 46 | K22: 63 | L22: 57 | M22: 63 | N22: 52
A23: 16 | C23: 61 | D23: 56 | E23: 57 | F23: 52 | G23: 76 | H23: 68 | I23: 69 | J23: 62 | K23: 85 | L23: 76 | M23: 81 | N23: 67
A24: 25 | C24: 80 | D24: 73 | E24: 75 | F24: 68 | G24: 101 | H24: 89 | I24: 90 | J24: 80 | K24: 112 | L24: 96 | M24: 104 | N24: 86
A25: 35 | C25: 99 | D25: 89 | E25: 92 | F25: 83 | G25: 125 | H25: 110 | I25: 111 | J25: 99 | K25: 138 | L25: 119 | M25: 125 | N25: 103
A26: 50 | C26: 119 | D26: 108 | E26: 110 | F26: 99 | G26: 151 | H26: 134 | I26: 133 | J26: 118 | K26: 168 | L26: 144 | M26: 148 | N26: 122
... A38: 1000 | C38: 767 | D38: 679 | E38: 698 | F38: 618 | G38: 1012 | H38: 906 | I38: 827 | J38: 738 | K38: 1125 | L38: 996 | M38: 792 | N38: 652
A39: Alumínio
A40: 16 | C40: 48 | D40: 43 | E40: 44 | F40: 41 | G40: 60 | H40: 53 | I40: 54 | J40: 48 | K40: 66 | L40: 59 | M40: 62 | N40: 52
A41: 25 | C41: 63 | D41: 57 | E41: 58 | F41: 53 | G41: 79 | H41: 70 | I41: 71 | J41: 62 | K41: 83 | L41: 73 | M41: 80 | N41: 66
A42: 35 | C42: 77 | D42: 70 | E42: 71 | F42: 65 | G42: 97 | H42: 86 | I42: 86 | J42: 77 | K42: 103 | L42: 90 | M42: 96 | N42: 80
A43: 50 | C43: 93 | D43: 84 | E43: 86 | F43: 78 | G43: 118 | H43: 104 | I43: 104 | J43: 92 | K43: 125 | L43: 110 | M43: 113 | N43: 94
A44: 70 | C44: 118 | D44: 107 | E44: 108 | F44: 98 | G44: 150 | H44: 133 | I44: 131 | J44: 116 | K44: 160 | L44: 140 | M44: 140 | N44: 117
A45: 95 | C45: 142 | D45: 129 | E45: 130 | F45: 118 | G45: 181 | H45: 161 | I45: 157 | J45: 139 | K45: 195 | L45: 170 | M45: 166 | N45: 138
A46: 120 | C46: 164 | D46: 149 | E46: 150 | F46: 135 | G46: 210 | H46: 186 | I46: 181 | J46: 160 | K46: 226 | L46: 197 | M46: 189 | N46: 157
A47: 150 | C47: 189 | D47: 170 | E47: 172 | F47: 155 | G47: 241 | H47: 214 | I47: 206 | J47: 183 | K47: 261 | L47: 227 | M47: 213 | N47: 178
A48: 185 | C48: 215 | D48: 194 | E48: 195 | F48: 176 | G48: 275 | H48: 245 | I48: 234 | J48: 208 | K48: 298 | L48: 259 | M48: 240 | N48: 200
A49: 240 | C49: 252 | D49: 227 | E49: 229 | F49: 207 | G49: 324 | H49: 288 | I49: 274 | J49: 243 | K49: 352 | L49: 305 | M49: 277 | N49: 230
A50: 300 | C50: 289 | D50: 261 | E50: 263 | F50: 237 | G50: 372 | H50: 331 | I50: 313 | J50: 278 | K50: 406 | L50: 351 | M50: 313 | N50: 260
A51: 400 | C51: 345 | D51: 311 | E51: 314 | F51: 283 | G51: 446 | H51: 397 | I51: 372 | J51: 331 | K51: 488 | L51: 422 | M51: 366 | N51: 305
... A55: 1000 | C55: 607 | D55: 544 | E55: 552 | F55: 495 | G55: 790 | H55: 704 | I55: 643 | J55: 574 | K55: 878 | L55: 753 | M55: 607 | N55: 505

Sheet Tabela 38
A1: Capacidades de condução de corrente, em ampères, para os métodos de referência E, F e G
A3: Condutores: cobre e alumínio
A4: Isolação: PVC
A5: Temperatura no condutor: 70°C
A6: Temperaturas de referência do ambiente: 30°C
A8: Seções nominais mm2 | C8: Cabos multipolares | G8: Cabos unipolares 1)
C9: Dois condutores carregados | E9: Três condutores carregados | G9: Dois condutores carregados, justapostos | I9: Três condutores carregados, em trifólio | K9: Três condutores carregados, no mesmo plano
K10: Justapostos | M10: Espaçados
M11: Horizontal | O11: Vertical
C12: Método E | E12: Método E | G12: Método F | I12: Método F | K12: Método F | M12: Método G | O12: Método G
A17: -1 | C17: -2 | E17: -3 | G17: -4 | I17: -5 | K17: -6 | M17: -7 | O17: -8
A18: Cobre
A19: 0.5 | C19: 11 | E19: 9 | G19: 11 | I19: 8 | K19: 9 | M19: 12 | O19: 10
A20: 0.75 | C20: 14 | E20: 12 | G20: 14 | I20: 11 | K20: 11 | M20: 16 | O20: 13
A21: 1 | C21: 17 | E21: 14 | G21: 17 | I21: 13 | K21: 14 | M21: 19 | O21: 16
A22: 1.5 | C22: 22 | E22: 18.5 | G22: 22 | I22: 17 | K22: 18 | M22: 24 | O22: 21
A23: 2.5 | C23: 30 | E23: 25 | G23: 31 | I23: 24 | K23: 25 | M23: 34 | O23: 29
A24: 4 | C24: 40 | E24: 34 | G24: 41 | I24: 33 | K24: 34 | M24: 45 | O24: 39
A25: 6 | C25: 51 | E25: 43 | G25: 53 | I25: 43 | K25: 45 | M25: 59 | O25: 51
A26: 10 | C26: 70 | E26: 60 | G26: 73 | I26: 60 | K26: 63 | M26: 81 | O26: 71
A27: 16 | C27: 94 | E27: 80 | G27: 99 | I27: 82 | K27: 85 | M27: 110 | O27: 97
A28: 25 | C28: 119 | E28: 101 | G28: 131 | I28: 110 | K28: 114 | M28: 146 | O28: 130
A29: 35 | C29: 148 | E29: 126 | G29: 162 | I29: 137 | K29: 143 | M29: 181 | O29: 162
A30: 50 | C30: 180 | E30: 153 | G30: 196 | I30: 167 | K30: 174 | M30: 219 | O30: 197
... A42: 1000 | C42: 1292 | E42: 1073 | G42: 1346 | I42: 1079 | K42: 1296 | M42: 1528 | O42: 1448
A43: Alumínio
A44: 16 | C44: 73 | E44: 61 | G44: 73 | I44: 62 | K44: 65 | M44: 84 | O44: 73
A45: 25 | C45: 89 | E45: 78 | G45: 98 | I45: 84 | K45: 87 | M45: 112 | O45: 99
A46: 35 | C46: 111 | E46: 96 | G46: 122 | I46: 105 | K46: 109 | M46: 139 | O46: 124
A47: 50 | C47: 135 | E47: 117 | G47: 149 | I47: 128 | K47: 133 | M47: 169 | O47: 152
A48: 70 | C48: 173 | E48: 150 | G48: 192 | I48: 166 | K48: 173 | M48: 217 | O48: 196
A49: 95 | C49: 210 | E49: 183 | G49: 235 | I49: 203 | K49: 212 | M49: 265 | O49: 241
A50: 120 | C50: 244 | E50: 212 | G50: 273 | I50: 237 | K50: 247 | M50: 308 | O50: 282
A51: 150 | C51: 282 | E51: 245 | G51: 316 | I51: 274 | K51: 287 | M51: 356 | O51: 327
A52: 185 | C52: 322 | E52: 280 | G52: 363 | I52: 315 | K52: 330 | M52: 407 | O52: 376
A53: 240 | C53: 380 | E53: 330 | G53: 430 | I53: 375 | K53: 392 | M53: 482 | O53: 447
A54: 300 | C54: 439 | E54: 381 | G54: 497 | I54: 434 | K54: 455 | M54: 557 | O54: 519
A55: 400 | C55: 528 | E55: 458 | G55: 600 | I55: 526 | K55: 552 | M55: 671 | O55: 629
... A59: 1000 | C59: 948 | E59: 823 | G59: 1092 | I59: 965 | K59: 1015 | M59: 1213 | O59: 1161
A60: 1) Ou, ainda, condutores isolados, quando o método de instalação permitir.

Sheet Plan1

Sheet Plan2

Sheet Demanda
A2: QUADRO DE DEMANDA - CCM
A3: Circuito | B3: Origem | C3: Destino | D3: DADOS | O3: DEMANDA INDIVIDUAL | Q3: DEMANDA CCM | S3: VALORES TOTAIS
D4: Tensão (V) | E4: Carga Instalada (HP) | F4: Potência Instalada (kW) | G4: F.P. | H4: Potência Instalada (kVAr) | I4: Fator de Utilização | J4: Imáx (A) | K4: Potência Total Instalada | M4: Número de motores de mesma potência | N4: Fator de Simult. | O4: Potência Ativa (kW) | P4: Potência Reativa (kVAr) | Q4: Potência Ativa (kW) | R4: Potência Reativa (kVAr) | S4: Potência Ativa Instalada (kW) | T4: Potência Reativa Instalada (kVAr) | U4: Potência Ativa Demandada (kW) | V4: Potência Reativa Demandada (kVAr) | W4: Fator de Demanda (FD)
K5: kW | L5: kVAr
A6: ='Previsão de Cargas'!A6 -> 50 - TUE M1 | B6: ='Previsão de Cargas'!B6 -> CCM1 | C6: Motor M1 | D6: =_Vnom -> 380 | E6: ='Previsão de Cargas'!D6 -> 5 | F6: ='Previsão de Cargas'!I6 -> 4.1620112 | G6: ='Previsão de Cargas'!E6 -> 0.77 | H6: ='Previsão de Cargas'!K6 -> 3.4487608 | I6: 0.83 | J6: ='Previsão de Cargas'!H6*'Previsão de Cargas'!L6 -> 10.265457 | K6: =SUM(F6:F13) -> 65.024668 | L6: =SUM(H6:H13) -> 46.304332 | M6: 4 | N6: 0.8 | O6: =F6*I6 -> 3.4544693 | P6: =H6*I6 -> 2.8624714 | Q6: =SUMPRODUCT(O6:O13,N6:N13) -> 43.17638 | R6: =SUMPRODUCT(P6:P13,N6:N13) -> 30.746076 | S6: =SUM(K6:K29) -> 381.84657 | T6: =SUM(L6:L29) -> 251.72502 | U6: =SUM(Q6:Q29) -> 269.7693 | V6: =SUM(R6:R29) -> 176.61981 | W6: =U6/S6 -> 0.70648611
A7: ='Previsão de Cargas'!A7 -> 51 - TUE M2 | C7: Motor M2 | D7: =_Vnom -> 380 | E7: ='Previsão de Cargas'!D7 -> 5 | F7: ='Previsão de Cargas'!I7 -> 4.1620112 | G7: ='Previsão de Cargas'!E7 -> 0.77 | H7: ='Previsão de Cargas'!K7 -> 3.4487608 | I7: 0.83 | J7: ='Previsão de Cargas'!H7*'Previsão de Cargas'!L7 -> 10.265457 | N7: 0.8 | O7: =F7*I7 -> 3.4544693 | P7: =H7*I7 -> 2.8624714
A8: ='Previsão de Cargas'!A8 -> 52 - TUE M3 | C8: Motor M3 | D8: =_Vnom -> 380 | E8: ='Previsão de Cargas'!D8 -> 5 | F8: ='Previsão de Cargas'!I8 -> 4.1620112 | G8: ='Previsão de Cargas'!E8 -> 0.77 | H8: ='Previsão de Cargas'!K8 -> 3.4487608 | I8: 0.83 | J8: ='Previsão de Cargas'!H8*'Previsão de Cargas'!L8 -> 10.265457 | N8: 0.8 | O8: =F8*I8 -> 3.4544693 | P8: =H8*I8 -> 2.8624714
A9: ='Previsão de Cargas'!A9 -> 53 - TUE M4 | C9: Motor M4 | D9: =_Vnom -> 380 | E9: ='Previsão de Cargas'!D9 -> 5 | F9: ='Previsão de Cargas'!I9 -> 4.1620112 | G9: ='Previsão de Cargas'!E9 -> 0.77 | H9: ='Previsão de Cargas'!K9 -> 3.4487608 | I9: 0.83 | J9: ='Previsão de Cargas'!H9*'Previsão de Cargas'!L9 -> 10.265457 | N9: 0.8 | O9: =F9*I9 -> 3.4544693 | P9: =H9*I9 -> 2.8624714
A10: ='Previsão de Cargas'!A10 -> 54 - TUE M5 | C10: Motor M5 | D10: =_Vnom -> 380 | E10: ='Previsão de Cargas'!D10 -> 15 | F10: ='Previsão de Cargas'!I10 -> 12.094156 | G10: ='Previsão de Cargas'!E10 -> 0.83 | H10: ='Previsão de Cargas'!K10 -> 8.1273221 | I10: 0.83 | J10: ='Previsão de Cargas'!H10*'Previsão de Cargas'!L10 -> 27.673447 | M10: 4 | N10: 0.8 | O10: =F10*I10 -> 10.038149 | P10: =H10*I10 -> 6.7456774
A11: ='Previsão de Cargas'!A11 -> 55 - TUE M6 | C11: Motor M6 | D11: =_Vnom -> 380 | E11: ='Previsão de Cargas'!D11 -> 15 | F11: ='Previsão de Cargas'!I11 -> 12.094156 | G11: ='Previsão de Cargas'!E11 -> 0.83 | H11: ='Previsão de Cargas'!K11 -> 8.1273221 | I11: 0.83 | J11: ='Previsão de Cargas'!H11*'Previsão de Cargas'!L11 -> 27.673447 | N11: 0.8 | O11: =F11*I11 -> 10.038149 | P11: =H11*I11 -> 6.7456774
A12: ='Previsão de Cargas'!A12 -> 56 - TUE M7 | C12: Motor M7 | D12: =_Vnom -> 380 | E12: ='Previsão de Cargas'!D12 -> 15 | F12: ='Previsão de Cargas'!I12 -> 12.094156 | G12: ='Previsão de Cargas'!E12 -> 0.83 | H12: ='Previsão de Cargas'!K12 -> 8.1273221 | I12: 0.83 | J12: ='Previsão de Cargas'!H12*'Previsão de Cargas'!L12 -> 27.673447 | N12: 0.8 | O12: =F12*I12 -> 10.038149 | P12: =H12*I12 -> 6.7456774
A13: ='Previsão de Cargas'!A13 -> 57 - TUE M8 | C13: Motor M8 | D13: =_Vnom -> 380 | E13: ='Previsão de Cargas'!D13 -> 15 | F13: ='Previsão de Cargas'!I13 -> 12.094156 | G13: ='Previsão de Cargas'!E13 -> 0.83 | H13: ='Previsão de Cargas'!K13 -> 8.1273221 | I13: 0.83 | J13: ='Previsão de Cargas'!H13*'Previsão de Cargas'!L13 -> 27.673447 | N13: 0.8 | O13: =F13*I13 -> 10.038149 | P13: =H13*I13 -> 6.7456774
A14: ='Previsão de Cargas'!A14 -> 58 - TUE M9 | B14: ='Previsão de Cargas'!B14 -> CCM2 | C14: Motor M9 | D14: =_Vnom -> 380 | E14: ='Previsão de Cargas'!D14 -> 10 | F14: ='Previsão de Cargas'!I14 -> 8.0978261 | G14: ='Previsão de Cargas'!E14 -> 0.84 | H14: ='Previsão de Cargas'!K14 -> 5.2306789 | I14: 0.83 | J14: ='Previsão de Cargas'!H14*'Previsão de Cargas'!L14 -> 18.308592 | K14: =SUM(F14:F19) -> 79.944496 | L14: =SUM(H14:H19) -> 55.350632 | M14: 4 | N14: 0.8 | O14: =F14*I14 -> 6.7211957 | P14: =H14*I14 -> 4.3414635 | Q14: =SUMPRODUCT(O14:O19,N14:N19) -> 53.843996 | R14: =SUMPRODUCT(P14:P19,N14:N19) -> 37.303666
A15: ='Previsão de Cargas'!A15 -> 59 - TUE M10 | C15: Motor M10 | D15: =_Vnom -> 380 | E15: ='Previsão de Cargas'!D15 -> 10 | F15: ='Previsão de Cargas'!I15 -> 8.0978261 | G15: ='Previsão de Cargas'!E15 -> 0.84 | H15: ='Previsão de Cargas'!K15 -> 5.2306789 | I15: 0.83 | J15: ='Previsão de Cargas'!H15*'Previsão de Cargas'!L15 -> 18.308592 | N15: 0.8 | O15: =F15*I15 -> 6.7211957 | P15: =H15*I15 -> 4.3414635
A16: ='Previsão de Cargas'!A16 -> 60 - TUE M11 | C16: Motor M11 | D16: =_Vnom -> 380 | E16: ='Previsão de Cargas'!D16 -> 10 | F16: ='Previsão de Cargas'!I16 -> 8.0978261 | G16: ='Previsão de Cargas'!E16 -> 0.84 | H16: ='Previsão de Cargas'!K16 -> 5.2306789 | I16: 0.83 | J16: ='Previsão de Cargas'!H16*'Previsão de Cargas'!L16 -> 18.308592 | N16: 0.8 | O16: =F16*I16 -> 6.7211957 | P16: =H16*I16 -> 4.3414635
A17: ='Previsão de Cargas'!A17 -> 61 - TUE M12 | C17: Motor M12 | D17: =_Vnom -> 380 | E17: ='Previsão de Cargas'!D17 -> 10 | F17: ='Previsão de Cargas'!I17 -> 8.0978261 | G17: ='Previsão de Cargas'!E17 -> 0.84 | H17: ='Previsão de Cargas'!K17 -> 5.2306789 | I17: 0.83 | J17: ='Previsão de Cargas'!H17*'Previsão de Cargas'!L17 -> 18.308592 | N17: 0.8 | O17: =F17*I17 -> 6.7211957 | P17: =H17*I17 -> 4.3414635
A18: ='Previsão de Cargas'!A18 -> 62 - TUE M13 | C18: Motor M13 | D18: =_Vnom -> 380 | E18: ='Previsão de Cargas'!D18 -> 30 | F18: ='Previsão de Cargas'!I18 -> 23.776596 | G18: ='Previsão de Cargas'!E18 -> 0.81 | H18: ='Previsão de Cargas'!K18 -> 17.213958 | I18: 0.85 | J18: ='Previsão de Cargas'!H18*'Previsão de Cargas'!L18 -> 55.748148 | M18: 2 | N18: 0.8 | O18: =F18*I18 -> 20.210106 | P18: =H18*I18 -> 14.631864
A19: ='Previsão de Cargas'!A19 -> 63 - TUE M14 | C19: Motor M14 | D19: =_Vnom -> 380 | E19: ='Previsão de Cargas'!D19 -> 30 | F19: ='Previsão de Cargas'!I19 -> 23.776596 | G19: ='Previsão de Cargas'!E19 -> 0.81 | H19: ='Previsão de Cargas'!K19 -> 17.213958 | I19: 0.85 | J19: ='Previsão de Cargas'!H19*'Previsão de Cargas'!L19 -> 55.748148 | N19: 0.8 | O19: =F19*I19 -> 20.210106 | P19: =H19*I19 -> 14.631864
A20: ='Previsão de Cargas'!A20 -> 64 - TUE M15 | B20: ='Previsão de Cargas'!B20 -> CCM3 | C20: Motor M15 | D20: =_Vnom -> 380 | E20: ='Previsão de Cargas'!D20 -> 7.5 | F20: ='Previsão de Cargas'!I20 -> 6.1401099 | G20: ='Previsão de Cargas'!E20 -> 0.78 | H20: ='Previsão de Cargas'!K20 -> 4.9260961 | I20: 0.83 | J20: ='Previsão de Cargas'!H20*'Previsão de Cargas'!L20 -> 14.950211 | K20: =SUM(F20:F27) -> 119.73904 | L20: =SUM(H20:H27) -> 83.684688 | M20: 4 | N20: 0.8 | O20: =F20*I20 -> 5.0962912 | P20: =H20*I20 -> 4.0886598 | Q20: =SUMPRODUCT(O20:O27,N20:N27) -> 81.029583 | R20: =SUMPRODUCT(P20:P27,N20:N27) -> 56.590318
A21: ='Previsão de Cargas'!A21 -> 65 - TUE M16 | C21: Motor M16 | D21: =_Vnom -> 380 | E21: ='Previsão de Cargas'!D21 -> 7.5 | F21: ='Previsão de Cargas'!I21 -> 6.1401099 | G21: ='Previsão de Cargas'!E21 -> 0.78 | H21: ='Previsão de Cargas'!K21 -> 4.9260961 | I21: 0.83 | J21: ='Previsão de Cargas'!H21*'Previsão de Cargas'!L21 -> 14.950211 | N21: 0.8 | O21: =F21*I21 -> 5.0962912 | P21: =H21*I21 -> 4.0886598
A22: ='Previsão de Cargas'!A22 -> 66 - TUE M17 | C22: Motor M17 | D22: =_Vnom -> 380 | E22: ='Previsão de Cargas'!D22 -> 7.5 | F22: ='Previsão de Cargas'!I22 -> 6.1401099 | G22: ='Previsão de Cargas'!E22 -> 0.78 | H22: ='Previsão de Cargas'!K22 -> 4.9260961 | I22: 0.83 | J22: ='Previsão de Cargas'!H22*'Previsão de Cargas'!L22 -> 14.950211 | N22: 0.8 | O22: =F22*I22 -> 5.0962912 | P22: =H22*I22 -> 4.0886598
A23: ='Previsão de Cargas'!A23 -> 67 - TUE M18 | C23: Motor M18 | D23: =_Vnom -> 380 | E23: ='Previsão de Cargas'!D23 -> 7.5 | F23: ='Previsão de Cargas'!I23 -> 6.1401099 | G23: ='Previsão de Cargas'!E23 -> 0.78 | H23: ='Previsão de Cargas'!K23 -> 4.9260961 | I23: 0.83 | J23: ='Previsão de Cargas'!H23*'Previsão de Cargas'!L23 -> 14.950211 | N23: 0.8 | O23: =F23*I23 -> 5.0962912 | P23: =H23*I23 -> 4.0886598
A24: ='Previsão de Cargas'!A24 -> 68 - TUE M19 | C24: Motor M19 | D24: =_Vnom -> 380 | E24: ='Previsão de Cargas'!D24 -> 20 | F24: ='Previsão de Cargas'!I24 -> 16.021505 | G24: ='Previsão de Cargas'!E24 -> 0.81 | H24: ='Previsão de Cargas'!K24 -> 11.59937 | I24: 0.85 | J24: ='Previsão de Cargas'!H24*'Previsão de Cargas'!L24 -> 37.56506 | M24: 2 | N24: 0.8 | O24: =F24*I24 -> 13.61828 | P24: =H24*I24 -> 9.8594642
A25: ='Previsão de Cargas'!A25 -> 69 - TUE M20 | C25: Motor M20 | D25: =_Vnom -> 380 | E25: ='Previsão de Cargas'!D25 -> 20 | F25: ='Previsão de Cargas'!I25 -> 16.021505 | G25: ='Previsão de Cargas'!E25 -> 0.81 | H25: ='Previsão de Cargas'!K25 -> 11.59937 | I25: 0.85 | J25: ='Previsão de Cargas'!H25*'Previsão de Cargas'!L25 -> 37.56506 | N25: 0.8 | O25: =F25*I25 -> 13.61828 | P25: =H25*I25 -> 9.8594642
A26: ='Previsão de Cargas'!A26 -> 70 - TUE M21 | C26: Motor M21 | D26: =_Vnom -> 380 | E26: ='Previsão de Cargas'!D26 -> 40 | F26: ='Previsão de Cargas'!I26 -> 31.567797 | G26: ='Previsão de Cargas'!E26 -> 0.84 | H26: ='Previsão de Cargas'!K26 -> 20.390782 | I26: 0.85 | J26: ='Previsão de Cargas'!H26*'Previsão de Cargas'!L26 -> 71.372478 | M26: 2 | N26: 0.8 | O26: =F26*I26 -> 26.832627 | P26: =H26*I26 -> 17.332165
A27: ='Previsão de Cargas'!A27 -> 71 - TUE M22 | C27: Motor M22 | D27: =_Vnom -> 380 | E27: ='Previsão de Cargas'!D27 -> 40 | F27: ='Previsão de Cargas'!I27 -> 31.567797 | G27: ='Previsão de Cargas'!E27 -> 0.84 | H27: ='Previsão de Cargas'!K27 -> 20.390782 | I27: 0.85 | J27: ='Previsão de Cargas'!H27*'Previsão de Cargas'!L27 -> 71.372478 | N27: 0.8 | O27: =F27*I27 -> 26.832627 | P27: =H27*I27 -> 17.332165
A28: ='Previsão de Cargas'!A28 -> 72 - TUE M23 | B28: ='Previsão de Cargas'!B28 -> CCM4 | C28: Motor M23 | D28: =_Vnom -> 380 | E28: ='Previsão de Cargas'!D28 -> 75 | F28: ='Previsão de Cargas'!I28 -> 58.569182 | G28: ='Previsão de Cargas'!E28 -> 0.87 | H28: ='Previsão de Cargas'!K28 -> 33.192685 | I28: 0.87 | J28: ='Previsão de Cargas'!H28*'Previsão de Cargas'!L28 -> 127.85441 | K28: =SUM(F28:F29) -> 117.13836 | L28: =SUM(H28:H29) -> 66.385371 | M28: 2 | N28: 0.9 | O28: =F28*I28 -> 50.955189 | P28: =H28*I28 -> 28.877636 | Q28: =SUMPRODUCT(O28:O29,N28:N29) -> 91.71934 | R28: =SUMPRODUCT(P28:P29,N28:N29) -> 51.979745
A29: ='Previsão de Cargas'!A29 -> 73 - TUE M24 | C29: Motor M24 | D29: =_Vnom -> 380 | E29: ='Previsão de Cargas'!D29 -> 75 | F29: ='Previsão de Cargas'!I29 -> 58.569182 | G29: ='Previsão de Cargas'!E29 -> 0.87 | H29: ='Previsão de Cargas'!K29 -> 33.192685 | I29: 0.87 | J29: ='Previsão de Cargas'!H29*'Previsão de Cargas'!L29 -> 127.85441 | N29: 0.9 | O29: =F29*I29 -> 50.955189 | P29: =H29*I29 -> 28.877636
A34: Corrente de demanda do alimentador CCM1 [A] | E34: =SQRT(Q6^2+R6^2)*1000/(SQRT(3)*_Vnom) -> 80.532636 | F34: FD do CCM: | G34: =Q6/K6 -> 0.664
A35: Corrente de demanda do alimentador CCM2 [A] | E35: =SQRT(Q14^2+R14^2)*1000/(SQRT(3)*_Vnom) -> 99.522631 | F35: FD do CCM: | G35: =Q14/K14 -> 0.67351724
A36: Corrente de demanda do alimentador CCM3 [A] | E36: =SQRT(Q20^2+R20^2)*1000/(SQRT(3)*_Vnom) -> 150.16348 | F36: FD do CCM: | G36: =Q20/K20 -> 0.67671814
A37: Corrente de demanda do alimentador CCM4 [A] | E37: =SQRT(Q28^2+R28^2)*1000/(SQRT(3)*_Vnom) -> 160.176 | F37: FD do CCM: | G37: =Q28/K28 -> 0.783

Sheet Notas Grupo 1
A1: NOTAS E CRITÉRIOS ADOTADOS – Grupo 1 (as abas do modelo não foram alteradas na estrutura)
A2: Aba | B2: Nota
A3: Previsão de Cargas | B3: Notas: QD1–QD4 = valores da Tarefa 1 (planilha final v2): P e Q = totais do Quadro de Cargas; IN = corrente de projeto do alimentador (maior fase + reserva).
A4: Previsão de Cargas | B4: CCM1–CCM4: potência instalada (ΣP, ΣQ, S = √(ΣP²+ΣQ²)). O alimentador do CCM é dimensionado pela demanda (aba Demanda, Aula 04 – Demandas).
A5: Previsão de Cargas | B5: Motores: dados WEG W22 IR3 Premium IV polos (Slides – CCM, slide 4). Numeração dos circuitos continua a da Tarefa 1 (01–49): 50 a 73.
A6: Demanda | B6: Notas: Fator de utilização e de simultaneidade conforme Aula 04 – Demandas (Mamede). Classes por potência nominal: 5–15 HP → "3 a 15 cv" (Fu 0,83); 20–40 HP → "20 a 40 cv" (Fu 0,85); 75 HP → "acima de 40 cv" (Fu 0,87).
A7: Demanda | B7: Imáx = FS × IN (corrente máxima admissível em regime com fator de serviço). Demanda do CCM = Σ (P_indiv × Fu × Fsimult) por grupo de motores iguais (cada linha = 1 motor). FD = P demandada / P instalada.
A8: Capac.Cond.Corre. | B8: Critérios: FT = 1,00 (30 °C); motores (exceto 75 HP): método E, cabo multipolar PVC 0,6/1 kV (Sintenax), Tabela 38 col. 3; motor 75 HP e alimentadores no leito: método F, cabos unipolares EPR 0,6/1 kV (Afumex), Tabela 39 col. 6 (Slides – CCM, slide 5).
A9: Capac.Cond.Corre. | B9: FA (Tabela 42, slide 6): motores em eletrocalha perfurada, camada única (ref. 4) — nº de cabos na saída de cada CCM (Y-Δ = 2 cabos por motor): CCM1 12 → 0,72; CCM2 8 → 0,72; CCM3 12 → 0,72; CCM4 2 → 0,88. Alimentadores no leito (ref. 5): 6 circuitos na saída do QGBT (QD1, QD2, CCM1–4) → 0,79.
A10: Capac.Cond.Corre. | B10: QD3 e QD4 não usam o leito: mantêm o projeto da Tarefa 1 (eletroduto embutido, método B1, Tabela 36). Alimentadores dos CCMs: corrente de demanda (Aula 04 – Demandas). QD1/QD2: corrente de projeto da Tarefa 1.
A11: Queda de Tensão | B11: SF = seção final adotada = maior entre: capacidade de condução (S2), queda de tensão (S3), mínimo 2,5 mm² para circuitos de força (NBR 5410), Iz' ≥ ajuste do relé (motores) e Iz' ≥ disjuntor (alimentadores). ΔV máx. = 2,5% (Slides – CCM).
A12: Queda de Tensão | B12: L medido na planta (DesenhoFinal0710GpCDH) pelo trajeto ortogonal CCM → motor + subida 3,7 m (CCM h=1,60 m → eletrocalha h=5,30 m) + descida 4,8 m (eletrocalha → caixa de ligação do motor h≈0,50 m). Alimentadores dos CCMs: trajeto pelo leito existente (h=5,60 m) + 2 × 4,0 m. QD1–QD4: L da Tarefa 1.
A13: Queda de Tensão | B13: Alturas adotadas (pé-direito da fábrica 6,0 m; luminárias/perfilados a 5,0 m): eletrocalha dos motores 5,30 m e leito dos alimentadores 5,60 m — hipótese de projeto, ajustar se o grupo definir outra.
... A22: Quadro de Cargas | B22: Notas: corrente dos alimentadores = corrente de projeto (CCM: demanda; QD: Tarefa 1); kW/kVAr = potência instalada. Nº de condutores por fase = 2 na partida Y-Δ (6 condutores entre CCM e motor, 2 cabos tripolares).
