Workbook

Sheet Luminotécnico
A1: PROJETO LUMINOTÉCNICO
A2: Item | B2: Ambiente | C2: Refletâncias | F2: Dimensões | L2: Iluminância (E) [lux] | M2: Índice local (RCR) | N2: Índice local (k) | O2: Lâmpada | Z2: Luminária | AD2: Fator de Utilização (µ) | AE2: Fator de Depreciação (d) | AF2: Fluxo Luminoso Total do ambiente (lm) | AG2: Número de Luminárias (NL) [Unid.] | AH2: N° luminárias na largura (Ny) [Unid.] | AI2: N° luminárias no comprimento (Nx) [Unid.] | AJ2: Dist. Lamp.-Lamp. (DLL(x)) | AK2: Dist. Lamp.-Lamp. (DLL(y)) | AL2: Dist. Lamp.-Pare. (DLP(x)) | AM2: Dist. Lamp.-Pare. (DLP(y)) | AN2: Potência Ativa total (P) [W] | AO2: Potência Aparente total (S) [VA]
C3: Teto (%) | D3: Parede (%) | E3: Piso (%) | F3: Largura [m] | G3: Comprimento [m] | H3: Pé direito (Pd) [m] | I3: Plano de trabalho (hpt) [m] | J3: Distância entre luminária e teto (hs) [m] | K3: h | O3: Tipo de Lâmpada | P3: Fabricante | Q3: Código do Modelo do Fabricante | R3: Fluxo Luminoso [lm] | S3: IRC [%] | T3: Temperatura de cor [K] | U3: Vida útil [h] | V3: Potência Lâmpada [W] | W3: Perdas Reator [W] | X3: Fator de Potência | Y3: Link do catálogo | Z3: Fabricante | AA3: Modelo | AB3: N° Lâmpadas [Unid.] | AC3: Link do catálogo
A4: AREA FABRIL
A5: 1 | B5: Tornear e Chanfrar | C5: 0.7 | D5: 0.5 | E5: 0.1 | F5: 9 | G5: 16.2 | H5: 6 | I5: 1 | J5: 1 | K5: =IF(F5="", "", H5 - I5 - J5) -> 4 | L5: 500 | M5: =IF(F5="", "", 5 * K5 * (F5 + G5) / (F5 * G5)) -> 3.4567901 | N5: =IF(F5="", "", (F5 * G5) / (K5 * (F5 + G5))) -> 1.4464286 | O5: Luminária LED High Bay UFO | P5: LUMICENTER | Q5: LHB60-S12000850FW | R5: 12620 | S5: 80 | T5: 5000 | U5: 100000 | V5: 78.7 | W5: 0 | X5: 0.99 | Y5: https://lumicenter.com/produtos/lhb60-s | Z5: LUMICENTER | AA5: LHB60-S12000850FW | AB5: 1 | AC5: https://lumicenter.com/produtos/lhb60-s | AD5: 0.76 | AE5: 0.7 | AF5: =IF(F5="", "", IFERROR((L5 * F5 * G5) / (AD5 * AE5), "")) -> 137030.08 | AG5: =ROUNDUP(AF5/(R5*AB5),0) -> 11 | AH5: 3 | AI5: 4 | AJ5: =IF(F5="", "", IFERROR(G5 / AI5, "")) -> 4.05 | AK5: =IF(F5="", "", IFERROR(F5 / AH5, "")) -> 3 | AL5: =IF(F5="", "", IFERROR(AJ5 / 2, "")) -> 2.025 | AM5: =IF(F5="", "", IFERROR(AK5 / 2, "")) -> 1.5 | AN5: =AH5*AI5*AB5*(V5+W5) -> 944.4 | AO5: =IF(F5="", "", IFERROR(AN5 / X5, "")) -> 953.93939
A6: 2 | B6: Polimento | C6: 0.7 | D6: 0.5 | E6: 0.1 | F6: 8.2 | G6: 16.2 | H6: 6 | I6: 1 | J6: 1 | K6: =IF(F6="", "", H6 - I6 - J6) -> 4 | L6: 750 | M6: =IF(F6="", "", 5 * K6 * (F6 + G6) / (F6 * G6)) -> 3.6735923 | N6: =IF(F6="", "", (F6 * G6) / (K6 * (F6 + G6))) -> 1.3610656 | O6: Luminária LED High Bay UFO | P6: LUMICENTER | Q6: LHB60-S12000850FW | R6: 12620 | S6: 80 | T6: 5000 | U6: 100000 | V6: 78.7 | W6: 0 | X6: 0.99 | Y6: https://lumicenter.com/produtos/lhb60-s | Z6: LUMICENTER | AA6: LHB60-S12000850FW | AB6: 1 | AC6: https://lumicenter.com/produtos/lhb60-s | AD6: 0.74 | AE6: 0.7 | AF6: =IF(F6="", "", IFERROR((L6 * F6 * G6) / (AD6 * AE6), "")) -> 192335.91 | AG6: =ROUNDUP(AF6/(R6*AB6),0) -> 16 | AH6: 3 | AI6: 6 | AJ6: =IF(F6="", "", IFERROR(G6 / AI6, "")) -> 2.7 | AK6: =IF(F6="", "", IFERROR(F6 / AH6, "")) -> 2.7333333 | AL6: =IF(F6="", "", IFERROR(AJ6 / 2, "")) -> 1.35 | AM6: =IF(F6="", "", IFERROR(AK6 / 2, "")) -> 1.3666667 | AN6: =AH6*AI6*AB6*(V6+W6) -> 1416.6 | AO6: =IF(F6="", "", IFERROR(AN6 / X6, "")) -> 1430.9091
A7: 3 | B7: Colagem e montagem | C7: 0.7 | D7: 0.5 | E7: 0.1 | F7: 9 | G7: 16.6 | H7: 6 | I7: 1 | J7: 1 | K7: =IF(F7="", "", H7 - I7 - J7) -> 4 | L7: 300 | M7: =IF(F7="", "", 5 * K7 * (F7 + G7) / (F7 * G7)) -> 3.4270415 | N7: =IF(F7="", "", (F7 * G7) / (K7 * (F7 + G7))) -> 1.4589844 | O7: Luminária LED High Bay UFO | P7: LUMICENTER | Q7: LHB60-S12000850FW | R7: 12620 | S7: 80 | T7: 5000 | U7: 100000 | V7: 78.7 | W7: 0 | X7: 0.99 | Y7: https://lumicenter.com/produtos/lhb60-s | Z7: LUMICENTER | AA7: LHB60-S12000850FW | AB7: 1 | AC7: https://lumicenter.com/produtos/lhb60-s | AD7: 0.76 | AE7: 0.7 | AF7: =IF(F7="", "", IFERROR((L7 * F7 * G7) / (AD7 * AE7), "")) -> 84248.12 | AG7: =ROUNDUP(AF7/(R7*AB7),0) -> 7 | AH7: 2 | AI7: 4 | AJ7: =IF(F7="", "", IFERROR(G7 / AI7, "")) -> 4.15 | AK7: =IF(F7="", "", IFERROR(F7 / AH7, "")) -> 4.5 | AL7: =IF(F7="", "", IFERROR(AJ7 / 2, "")) -> 2.075 | AM7: =IF(F7="", "", IFERROR(AK7 / 2, "")) -> 2.25 | AN7: =AH7*AI7*AB7*(V7+W7) -> 629.6 | AO7: =IF(F7="", "", IFERROR(AN7 / X7, "")) -> 635.9596
A8: 4 | B8: Sistemas de Serra | C8: 0.7 | D8: 0.5 | E8: 0.1 | F8: 8.15 | G8: 16.7 | H8: 6 | I8: 1 | J8: 1 | K8: =IF(F8="", "", H8 - I8 - J8) -> 4 | L8: 300 | M8: =IF(F8="", "", 5 * K8 * (F8 + G8) / (F8 * G8)) -> 3.6515925 | N8: =IF(F8="", "", (F8 * G8) / (K8 * (F8 + G8))) -> 1.3692656 | O8: Luminária LED High Bay UFO | P8: LUMICENTER | Q8: LHB60-S12000850FW | R8: 12620 | S8: 80 | T8: 5000 | U8: 100000 | V8: 78.7 | W8: 0 | X8: 0.99 | Y8: https://lumicenter.com/produtos/lhb60-s | Z8: LUMICENTER | AA8: LHB60-S12000850FW | AB8: 1 | AC8: https://lumicenter.com/produtos/lhb60-s | AD8: 0.74 | AE8: 0.7 | AF8: =IF(F8="", "", IFERROR((L8 * F8 * G8) / (AD8 * AE8), "")) -> 78825.29 | AG8: =ROUNDUP(AF8/(R8*AB8),0) -> 7 | AH8: 2 | AI8: 4 | AJ8: =IF(F8="", "", IFERROR(G8 / AI8, "")) -> 4.175 | AK8: =IF(F8="", "", IFERROR(F8 / AH8, "")) -> 4.075 | AL8: =IF(F8="", "", IFERROR(AJ8 / 2, "")) -> 2.0875 | AM8: =IF(F8="", "", IFERROR(AK8 / 2, "")) -> 2.0375 | AN8: =AH8*AI8*AB8*(V8+W8) -> 629.6 | AO8: =IF(F8="", "", IFERROR(AN8 / X8, "")) -> 635.9596
A9: 5 | B9: Inspeção Final | C9: 0.7 | D9: 0.5 | E9: 0.1 | F9: 7.15 | G9: 13.45 | H9: 6 | I9: 1 | J9: 1 | K9: =IF(F9="", "", H9 - I9 - J9) -> 4 | L9: 1000 | M9: =IF(F9="", "", 5 * K9 * (F9 + G9) / (F9 * G9)) -> 4.2841916 | N9: =IF(F9="", "", (F9 * G9) / (K9 * (F9 + G9))) -> 1.1670813 | O9: Luminária LED High Bay UFO | P9: LUMICENTER | Q9: LHB60-S12000850FW | R9: 12620 | S9: 80 | T9: 5000 | U9: 100000 | V9: 78.7 | W9: 0 | X9: 0.99 | Y9: https://lumicenter.com/produtos/lhb60-s | Z9: LUMICENTER | AA9: LHB60-S12000850FW | AB9: 1 | AC9: https://lumicenter.com/produtos/lhb60-s | AD9: 0.69 | AE9: 0.7 | AF9: =IF(F9="", "", IFERROR((L9 * F9 * G9) / (AD9 * AE9), "")) -> 199104.55 | AG9: =ROUNDUP(AF9/(R9*AB9),0) -> 16 | AH9: 3 | AI9: 7 | AJ9: =IF(F9="", "", IFERROR(G9 / AI9, "")) -> 1.9214286 | AK9: =IF(F9="", "", IFERROR(F9 / AH9, "")) -> 2.3833333 | AL9: =IF(F9="", "", IFERROR(AJ9 / 2, "")) -> 0.96071429 | AM9: =IF(F9="", "", IFERROR(AK9 / 2, "")) -> 1.1916667 | AN9: =AH9*AI9*AB9*(V9+W9) -> 1652.7 | AO9: =IF(F9="", "", IFERROR(AN9 / X9, "")) -> 1669.3939
A10: AREA COMERCIAL
A11: 6 | B11: Sala de Estar | C11: 0.7 | D11: 0.5 | E11: 0.1 | F11: 5.9 | G11: 9.2 | H11: 3 | I11: 0.7 | J11: 0.5 | K11: =IF(F11="", "", H11 - I11 - J11) -> 1.8 | L11: 200 | M11: =IF(F11="", "", 5 * K11 * (F11 + G11) / (F11 * G11)) -> 2.5036846 | N11: =IF(F11="", "", (F11 * G11) / (K11 * (F11 + G11))) -> 1.9970567 | O11: Luminária LED | P11: LUMICENTER | Q11: LHT44-S4000840 | R11: 4000 | S11: 80 | T11: 4000 | U11: 50000 | V11: 40 | W11: 0 | X11: 0.99 | Y11: https://lumicenter.com/produtos/lht44-s | Z11: LUMICENTER | AA11: LHT44-S4000840 | AB11: 1 | AC11: https://lumicenter.com/produtos/lht44-s | AD11: 0.82 | AE11: 0.85 | AF11: =IF(F11="", "", IFERROR((L11 * F11 * G11) / (AD11 * AE11), "")) -> 15575.323 | AG11: =IF(F11="", "", IFERROR(ROUND(AF11 / (R11 * AB11), 0), "")) -> 4 | AH11: 2 | AI11: 3 | AJ11: =IF(F11="", "", IFERROR(G11 / AI11, "")) -> 3.0666667 | AK11: =IF(F11="", "", IFERROR(F11 / AH11, "")) -> 2.95 | AL11: =IF(F11="", "", IFERROR(AJ11 / 2, "")) -> 1.5333333 | AM11: =IF(F11="", "", IFERROR(AK11 / 2, "")) -> 1.475 | AN11: =AH11*AI11*AB11*(V11+W11) -> 240 | AO11: =IF(F11="", "", IFERROR(AN11 / X11, "")) -> 242.42424
A12: 7 | B12: Sala de reuniões | C12: 0.7 | D12: 0.5 | E12: 0.1 | F12: 5.5 | G12: 7.7 | H12: 3 | I12: 0.7 | J12: 0.5 | K12: =IF(F12="", "", H12 - I12 - J12) -> 1.8 | L12: 500 | M12: =IF(F12="", "", 5 * K12 * (F12 + G12) / (F12 * G12)) -> 2.8051948 | N12: =IF(F12="", "", (F12 * G12) / (K12 * (F12 + G12))) -> 1.7824074 | O12: Luminária LED | P12: LUMICENTER | Q12: LHT44-S4000840 | R12: 4000 | S12: 80 | T12: 4000 | U12: 50000 | V12: 40 | W12: 0 | X12: 0.99 | Y12: https://lumicenter.com/produtos/lht44-s | Z12: LUMICENTER | AA12: LHT44-S4000840 | AB12: 1 | AC12: https://lumicenter.com/produtos/lht44-s | AD12: 0.79 | AE12: 0.85 | AF12: =IF(F12="", "", IFERROR((L12 * F12 * G12) / (AD12 * AE12), "")) -> 31533.879 | AG12: =IF(F12="", "", IFERROR(ROUND(AF12 / (R12 * AB12), 0), "")) -> 8 | AH12: 3 | AI12: 3 | AJ12: =IF(F12="", "", IFERROR(G12 / AI12, "")) -> 2.5666667 | AK12: =IF(F12="", "", IFERROR(F12 / AH12, "")) -> 1.8333333 | AL12: =IF(F12="", "", IFERROR(AJ12 / 2, "")) -> 1.2833333 | AM12: =IF(F12="", "", IFERROR(AK12 / 2, "")) -> 0.91666667 | AN12: =AH12*AI12*AB12*(V12+W12) -> 360 | AO12: =IF(F12="", "", IFERROR(AN12 / X12, "")) -> 363.63636
A13: 8 | B13: Recepção | C13: 0.7 | D13: 0.5 | E13: 0.1 | F13: 4 | G13: 4.8 | H13: 3 | I13: 0.7 | J13: 0.5 | K13: =IF(F13="", "", H13 - I13 - J13) -> 1.8 | L13: 300 | M13: =IF(F13="", "", 5 * K13 * (F13 + G13) / (F13 * G13)) -> 4.125 | N13: =IF(F13="", "", (F13 * G13) / (K13 * (F13 + G13))) -> 1.2121212 | O13: Luminária LED | P13: LUMICENTER | Q13: LHT44-S4000840 | R13: 4000 | S13: 80 | T13: 4000 | U13: 50000 | V13: 40 | W13: 0 | X13: 0.99 | Y13: https://lumicenter.com/produtos/lht44-s | Z13: LUMICENTER | AA13: LHT44-S4000840 | AB13: 1 | AC13: https://lumicenter.com/produtos/lht44-s | AD13: 0.67 | AE13: 0.85 | AF13: =IF(F13="", "", IFERROR((L13 * F13 * G13) / (AD13 * AE13), "")) -> 10114.135 | AG13: =IF(F13="", "", IFERROR(ROUND(AF13 / (R13 * AB13), 0), "")) -> 3 | AH13: 2 | AI13: 2 | AJ13: =IF(F13="", "", IFERROR(G13 / AI13, "")) -> 2.4 | AK13: =IF(F13="", "", IFERROR(F13 / AH13, "")) -> 2 | AL13: =IF(F13="", "", IFERROR(AJ13 / 2, "")) -> 1.2 | AM13: =IF(F13="", "", IFERROR(AK13 / 2, "")) -> 1 | AN13: =AH13*AI13*AB13*(V13+W13) -> 160 | AO13: =IF(F13="", "", IFERROR(AN13 / X13, "")) -> 161.61616
A14: 9 | B14: Copa | C14: 0.7 | D14: 0.5 | E14: 0.1 | F14: 3.5 | G14: 4.8 | H14: 3 | I14: 0.7 | J14: 0.5 | K14: =IF(F14="", "", H14 - I14 - J14) -> 1.8 | L14: 200 | M14: =IF(F14="", "", 5 * K14 * (F14 + G14) / (F14 * G14)) -> 4.4464286 | N14: =IF(F14="", "", (F14 * G14) / (K14 * (F14 + G14))) -> 1.124498 | O14: Luminária LED | P14: LUMICENTER | Q14: LHT44-S4000840 | R14: 4000 | S14: 80 | T14: 4000 | U14: 50000 | V14: 40 | W14: 0 | X14: 0.99 | Y14: https://lumicenter.com/produtos/lht44-s | Z14: LUMICENTER | AA14: LHT44-S4000840 | AB14: 1 | AC14: https://lumicenter.com/produtos/lht44-s | AD14: 0.65 | AE14: 0.85 | AF14: =IF(F14="", "", IFERROR((L14 * F14 * G14) / (AD14 * AE14), "")) -> 6081.448 | AG14: =IF(F14="", "", IFERROR(ROUND(AF14 / (R14 * AB14), 0), "")) -> 2 | AH14: 1 | AI14: 2 | AJ14: =IF(F14="", "", IFERROR(G14 / AI14, "")) -> 2.4 | AK14: =IF(F14="", "", IFERROR(F14 / AH14, "")) -> 3.5 | AL14: =IF(F14="", "", IFERROR(AJ14 / 2, "")) -> 1.2 | AM14: =IF(F14="", "", IFERROR(AK14 / 2, "")) -> 1.75 | AN14: =AH14*AI14*AB14*(V14+W14) -> 80 | AO14: =IF(F14="", "", IFERROR(AN14 / X14, "")) -> 80.808081
A15: 10 | B15: Ante Sala | C15: 0.7 | D15: 0.5 | E15: 0.1 | F15: 2 | G15: 9 | H15: 3 | I15: 0.7 | J15: 0.5 | K15: =IF(F15="", "", H15 - I15 - J15) -> 1.8 | L15: 200 | M15: =IF(F15="", "", 5 * K15 * (F15 + G15) / (F15 * G15)) -> 5.5 | N15: =IF(F15="", "", (F15 * G15) / (K15 * (F15 + G15))) -> 0.90909091 | O15: Luminária LED | P15: LUMICENTER | Q15: LHT44-S4000840 | R15: 4000 | S15: 80 | T15: 4000 | U15: 50000 | V15: 40 | W15: 0 | X15: 0.99 | Y15: https://lumicenter.com/produtos/lht44-s | Z15: LUMICENTER | AA15: LHT44-S4000840 | AB15: 1 | AC15: https://lumicenter.com/produtos/lht44-s | AD15: 0.58 | AE15: 0.85 | AF15: =IF(F15="", "", IFERROR((L15 * F15 * G15) / (AD15 * AE15), "")) -> 7302.2312 | AG15: =IF(F15="", "", IFERROR(ROUND(AF15 / (R15 * AB15), 0), "")) -> 2 | AH15: 1 | AI15: 3 | AJ15: =IF(F15="", "", IFERROR(G15 / AI15, "")) -> 3 | AK15: =IF(F15="", "", IFERROR(F15 / AH15, "")) -> 2 | AL15: =IF(F15="", "", IFERROR(AJ15 / 2, "")) -> 1.5 | AM15: =IF(F15="", "", IFERROR(AK15 / 2, "")) -> 1 | AN15: =AH15*AI15*AB15*(V15+W15) -> 120 | AO15: =IF(F15="", "", IFERROR(AN15 / X15, "")) -> 121.21212
A16: 11 | B16: BWC1 | C16: 0.7 | D16: 0.5 | E16: 0.1 | F16: 3.57 | G16: 7.2 | H16: 3 | I16: 0.7 | J16: 0.5 | K16: =IF(F16="", "", H16 - I16 - J16) -> 1.8 | L16: 200 | M16: 4 | N16: =IF(F16="", "", (F16 * G16) / (K16 * (F16 + G16))) -> 1.3259053 | O16: Luminária LED | P16: LUMICENTER | Q16: LHT44-S4000840 | R16: 4000 | S16: 80 | T16: 4000 | U16: 50000 | V16: 40 | W16: 0 | X16: 0.99 | Y16: https://lumicenter.com/produtos/lht44-s | Z16: LUMICENTER | AA16: LHT44-S4000840 | AB16: 1 | AC16: https://lumicenter.com/produtos/lht44-s | AD16: 0.68 | AE16: 0.85 | AF16: =IF(F16="", "", IFERROR((L16 * F16 * G16) / (AD16 * AE16), "")) -> 8894.1176 | AG16: =IF(F16="", "", IFERROR(ROUND(AF16 / (R16 * AB16), 0), "")) -> 2 | AH16: 1 | AI16: 2 | AJ16: =IF(F16="", "", IFERROR(G16 / AI16, "")) -> 3.6 | AK16: =IF(F16="", "", IFERROR(F16 / AH16, "")) -> 3.57 | AL16: =IF(F16="", "", IFERROR(AJ16 / 2, "")) -> 1.8 | AM16: =IF(F16="", "", IFERROR(AK16 / 2, "")) -> 1.785 | AN16: =AH16*AI16*AB16*(V16+W16) -> 80 | AO16: =IF(F16="", "", IFERROR(AN16 / X16, "")) -> 80.808081
A17: 12 | B17: BWC2 | C17: 0.7 | D17: 0.5 | E17: 0.1 | F17: 3.57 | G17: 7.2 | H17: 3 | I17: 0.7 | J17: 0.5 | K17: =IF(F17="", "", H17 - I17 - J17) -> 1.8 | L17: 200 | M17: 4 | N17: =IF(F17="", "", (F17 * G17) / (K17 * (F17 + G17))) -> 1.3259053 | O17: Luminária LED | P17: LUMICENTER | Q17: LHT44-S4000840 | R17: 4000 | S17: 80 | T17: 4000 | U17: 50000 | V17: 40 | W17: 0 | X17: 0.99 | Y17: https://lumicenter.com/produtos/lht44-s | Z17: LUMICENTER | AA17: LHT44-S4000840 | AB17: 1 | AC17: https://lumicenter.com/produtos/lht44-s | AD17: 0.68 | AE17: 0.85 | AF17: =IF(F17="", "", IFERROR((L17 * F17 * G17) / (AD17 * AE17), "")) -> 8894.1176 | AG17: =IF(F17="", "", IFERROR(ROUND(AF17 / (R17 * AB17), 0), "")) -> 2 | AH17: 1 | AI17: 2 | AJ17: =IF(F17="", "", IFERROR(G17 / AI17, "")) -> 3.6 | AK17: =IF(F17="", "", IFERROR(F17 / AH17, "")) -> 3.57 | AL17: =IF(F17="", "", IFERROR(AJ17 / 2, "")) -> 1.8 | AM17: =IF(F17="", "", IFERROR(AK17 / 2, "")) -> 1.785 | AN17: =AH17*AI17*AB17*(V17+W17) -> 80 | AO17: =IF(F17="", "", IFERROR(AN17 / X17, "")) -> 80.808081
A18: 13 | B18: BWC3 | C18: 0.7 | D18: 0.5 | E18: 0.1 | F18: 3.5 | G18: 6 | H18: 3 | I18: 0.7 | J18: 0.5 | K18: =IF(F18="", "", H18 - I18 - J18) -> 1.8 | L18: 200 | M18: 4 | N18: =IF(F18="", "", (F18 * G18) / (K18 * (F18 + G18))) -> 1.2280702 | O18: Luminária LED | P18: LUMICENTER | Q18: LHT44-S4000840 | R18: 4000 | S18: 80 | T18: 4000 | U18: 50000 | V18: 40 | W18: 0 | X18: 0.99 | Y18: https://lumicenter.com/produtos/lht44-s | Z18: LUMICENTER | AA18: LHT44-S4000840 | AB18: 1 | AC18: https://lumicenter.com/produtos/lht44-s | AD18: 0.68 | AE18: 0.85 | AF18: =IF(F18="", "", IFERROR((L18 * F18 * G18) / (AD18 * AE18), "")) -> 7266.436 | AG18: =IF(F18="", "", IFERROR(ROUND(AF18 / (R18 * AB18), 0), "")) -> 2 | AH18: 1 | AI18: 2 | AJ18: =IF(F18="", "", IFERROR(G18 / AI18, "")) -> 3 | AK18: =IF(F18="", "", IFERROR(F18 / AH18, "")) -> 3.5 | AL18: =IF(F18="", "", IFERROR(AJ18 / 2, "")) -> 1.5 | AM18: =IF(F18="", "", IFERROR(AK18 / 2, "")) -> 1.75 | AN18: =AH18*AI18*AB18*(V18+W18) -> 80 | AO18: =IF(F18="", "", IFERROR(AN18 / X18, "")) -> 80.808081
A19: 14 | B19: BWC4 | C19: 0.7 | D19: 0.5 | E19: 0.1 | F19: 3.5 | G19: 6 | H19: 3 | I19: 0.7 | J19: 0.5 | K19: =IF(F19="", "", H19 - I19 - J19) -> 1.8 | L19: 200 | M19: 4 | N19: =IF(F19="", "", (F19 * G19) / (K19 * (F19 + G19))) -> 1.2280702 | O19: Luminária LED | P19: LUMICENTER | Q19: LHT44-S4000840 | R19: 4000 | S19: 80 | T19: 4000 | U19: 50000 | V19: 40 | W19: 0 | X19: 0.99 | Y19: https://lumicenter.com/produtos/lht44-s | Z19: LUMICENTER | AA19: LHT44-S4000840 | AB19: 1 | AC19: https://lumicenter.com/produtos/lht44-s | AD19: 0.68 | AE19: 0.85 | AF19: =IF(F19="", "", IFERROR((L19 * F19 * G19) / (AD19 * AE19), "")) -> 7266.436 | AG19: =IF(F19="", "", IFERROR(ROUND(AF19 / (R19 * AB19), 0), "")) -> 2 | AH19: 1 | AI19: 2 | AJ19: =IF(F19="", "", IFERROR(G19 / AI19, "")) -> 3 | AK19: =IF(F19="", "", IFERROR(F19 / AH19, "")) -> 3.5 | AL19: =IF(F19="", "", IFERROR(AJ19 / 2, "")) -> 1.5 | AM19: =IF(F19="", "", IFERROR(AK19 / 2, "")) -> 1.75 | AN19: =AH19*AI19*AB19*(V19+W19) -> 80 | AO19: =IF(F19="", "", IFERROR(AN19 / X19, "")) -> 80.808081
A20: 15 | B20: Vídeo Conferencia | C20: 0.7 | D20: 0.5 | E20: 0.1 | F20: 4.7 | G20: 5.6 | H20: 3 | I20: 0.7 | J20: 0.5 | K20: =IF(F20="", "", H20 - I20 - J20) -> 1.8 | L20: 500 | M20: 4 | N20: =IF(F20="", "", (F20 * G20) / (K20 * (F20 + G20))) -> 1.4196332 | O20: Luminária LED | P20: LUMICENTER | Q20: LHT44-S4000840 | R20: 4000 | S20: 80 | T20: 4000 | U20: 50000 | V20: 40 | W20: 0 | X20: 0.99 | Y20: https://lumicenter.com/produtos/lht44-s | Z20: LUMICENTER | AA20: LHT44-S4000840 | AB20: 1 | AC20: https://lumicenter.com/produtos/lht44-s | AD20: 0.68 | AE20: 0.85 | AF20: =IF(F20="", "", IFERROR((L20 * F20 * G20) / (AD20 * AE20), "")) -> 22768.166 | AG20: =IF(F20="", "", IFERROR(ROUND(AF20 / (R20 * AB20), 0), "")) -> 6 | AH20: 2 | AI20: 3 | AJ20: =IF(F20="", "", IFERROR(G20 / AI20, "")) -> 1.8666667 | AK20: =IF(F20="", "", IFERROR(F20 / AH20, "")) -> 2.35 | AL20: =IF(F20="", "", IFERROR(AJ20 / 2, "")) -> 0.93333333 | AM20: =IF(F20="", "", IFERROR(AK20 / 2, "")) -> 1.175 | AN20: =AH20*AI20*AB20*(V20+W20) -> 240 | AO20: =IF(F20="", "", IFERROR(AN20 / X20, "")) -> 242.42424
A21: 16 | B21: Presidência | C21: 0.7 | D21: 0.5 | E21: 0.1 | F21: 2.7 | G21: 5.6 | H21: 3 | I21: 0.7 | J21: 0.5 | K21: =IF(F21="", "", H21 - I21 - J21) -> 1.8 | L21: 500 | M21: 5 | N21: =IF(F21="", "", (F21 * G21) / (K21 * (F21 + G21))) -> 1.0120482 | O21: Luminária LED | P21: LUMICENTER | Q21: LHT44-S4000840 | R21: 4000 | S21: 80 | T21: 4000 | U21: 50000 | V21: 40 | W21: 0 | X21: 0.99 | Y21: https://lumicenter.com/produtos/lht44-s | Z21: LUMICENTER | AA21: LHT44-S4000840 | AB21: 1 | AC21: https://lumicenter.com/produtos/lht44-s | AD21: 0.61 | AE21: 0.85 | AF21: =IF(F21="", "", IFERROR((L21 * F21 * G21) / (AD21 * AE21), "")) -> 14580.521 | AG21: =IF(F21="", "", IFERROR(ROUND(AF21 / (R21 * AB21), 0), "")) -> 4 | AH21: 1 | AI21: 4 | AJ21: =IF(F21="", "", IFERROR(G21 / AI21, "")) -> 1.4 | AK21: =IF(F21="", "", IFERROR(F21 / AH21, "")) -> 2.7 | AL21: =IF(F21="", "", IFERROR(AJ21 / 2, "")) -> 0.7 | AM21: =IF(F21="", "", IFERROR(AK21 / 2, "")) -> 1.35 | AN21: =AH21*AI21*AB21*(V21+W21) -> 160 | AO21: =IF(F21="", "", IFERROR(AN21 / X21, "")) -> 161.61616
A22: 17 | B22: Diretoria Técnica | C22: 0.7 | D22: 0.5 | E22: 0.1 | F22: 4.5 | G22: 7.7 | H22: 3 | I22: 0.7 | J22: 0.5 | K22: =IF(F22="", "", H22 - I22 - J22) -> 1.8 | L22: 500 | M22: 3 | N22: =IF(F22="", "", (F22 * G22) / (K22 * (F22 + G22))) -> 1.5778689 | O22: Luminária LED | P22: LUMICENTER | Q22: LHT44-S4000840 | R22: 4000 | S22: 80 | T22: 4000 | U22: 50000 | V22: 40 | W22: 0 | X22: 0.99 | Y22: https://lumicenter.com/produtos/lht44-s | Z22: LUMICENTER | AA22: LHT44-S4000840 | AB22: 1 | AC22: https://lumicenter.com/produtos/lht44-s | AD22: 0.77 | AE22: 0.85 | AF22: =IF(F22="", "", IFERROR((L22 * F22 * G22) / (AD22 * AE22), "")) -> 26470.588 | AG22: =IF(F22="", "", IFERROR(ROUND(AF22 / (R22 * AB22), 0), "")) -> 7 | AH22: 2 | AI22: 4 | AJ22: =IF(F22="", "", IFERROR(G22 / AI22, "")) -> 1.925 | AK22: =IF(F22="", "", IFERROR(F22 / AH22, "")) -> 2.25 | AL22: =IF(F22="", "", IFERROR(AJ22 / 2, "")) -> 0.9625 | AM22: =IF(F22="", "", IFERROR(AK22 / 2, "")) -> 1.125 | AN22: =AH22*AI22*AB22*(V22+W22) -> 320 | AO22: =IF(F22="", "", IFERROR(AN22 / X22, "")) -> 323.23232
A23: 18 | B23: Depósito | C23: 0.7 | D23: 0.5 | E23: 0.1 | F23: 3.5 | G23: 7.7 | H23: 3 | I23: 0.7 | J23: 0.5 | K23: =IF(F23="", "", H23 - I23 - J23) -> 1.8 | L23: 100 | M23: 4 | N23: =IF(F23="", "", (F23 * G23) / (K23 * (F23 + G23))) -> 1.3368056 | O23: Luminária LED | P23: LUMICENTER | Q23: LHT44-S4000840 | R23: 4000 | S23: 80 | T23: 4000 | U23: 50000 | V23: 40 | W23: 0 | X23: 0.99 | Y23: https://lumicenter.com/produtos/lht44-s | Z23: LUMICENTER | AA23: LHT44-S4000840 | AB23: 1 | AC23: https://lumicenter.com/produtos/lht44-s | AD23: 0.68 | AE23: 0.85 | AF23: =IF(F23="", "", IFERROR((L23 * F23 * G23) / (AD23 * AE23), "")) -> 4662.6298 | AG23: =IF(F23="", "", IFERROR(ROUND(AF23 / (R23 * AB23), 0), "")) -> 1 | AH23: 1 | AI23: 1 | AJ23: =IF(F23="", "", IFERROR(G23 / AI23, "")) -> 7.7 | AK23: =IF(F23="", "", IFERROR(F23 / AH23, "")) -> 3.5 | AL23: =IF(F23="", "", IFERROR(AJ23 / 2, "")) -> 3.85 | AM23: =IF(F23="", "", IFERROR(AK23 / 2, "")) -> 1.75 | AN23: =AH23*AI23*AB23*(V23+W23) -> 40 | AO23: =IF(F23="", "", IFERROR(AN23 / X23, "")) -> 40.40404
A24: 19 | B24: Circulação 1 | C24: 0.7 | D24: 0.5 | E24: 0.1 | F24: 2 | G24: 7.9 | H24: 3 | I24: 0.7 | J24: 0.5 | K24: =IF(F24="", "", H24 - I24 - J24) -> 1.8 | L24: 100 | M24: 6 | N24: =IF(F24="", "", (F24 * G24) / (K24 * (F24 + G24))) -> 0.88664422 | O24: Luminária LED | P24: LUMICENTER | Q24: LHT44-S4000840 | R24: 4000 | S24: 80 | T24: 4000 | U24: 50000 | V24: 40 | W24: 0 | X24: 0.99 | Y24: https://lumicenter.com/produtos/lht44-s | Z24: LUMICENTER | AA24: LHT44-S4000840 | AB24: 1 | AC24: https://lumicenter.com/produtos/lht44-s | AD24: 0.55 | AE24: 0.85 | AF24: =IF(F24="", "", IFERROR((L24 * F24 * G24) / (AD24 * AE24), "")) -> 3379.6791 | AG24: =IF(F24="", "", IFERROR(ROUND(AF24 / (R24 * AB24), 0), "")) -> 1 | AH24: 1 | AI24: 2 | AJ24: =IF(F24="", "", IFERROR(G24 / AI24, "")) -> 3.95 | AK24: =IF(F24="", "", IFERROR(F24 / AH24, "")) -> 2 | AL24: =IF(F24="", "", IFERROR(AJ24 / 2, "")) -> 1.975 | AM24: =IF(F24="", "", IFERROR(AK24 / 2, "")) -> 1 | AN24: =AH24*AI24*AB24*(V24+W24) -> 80 | AO24: =IF(F24="", "", IFERROR(AN24 / X24, "")) -> 80.808081
A25: 20 | B25: Circulação 2 | C25: 0.7 | D25: 0.5 | E25: 0.1 | F25: 1.3 | G25: 28.4 | H25: 3 | I25: 0.7 | J25: 0.5 | K25: =IF(F25="", "", H25 - I25 - J25) -> 1.8 | L25: 100 | M25: 7 | N25: =IF(F25="", "", (F25 * G25) / (K25 * (F25 + G25))) -> 0.6906098 | O25: Luminária LED | P25: LUMICENTER | Q25: LHT44-S4000840 | R25: 4000 | S25: 80 | T25: 4000 | U25: 50000 | V25: 40 | W25: 0 | X25: 0.99 | Y25: https://lumicenter.com/produtos/lht44-s | Z25: LUMICENTER | AA25: LHT44-S4000840 | AB25: 1 | AC25: https://lumicenter.com/produtos/lht44-s | AD25: 0.5 | AE25: 0.85 | AF25: =IF(F25="", "", IFERROR((L25 * F25 * G25) / (AD25 * AE25), "")) -> 8687.0588 | AG25: =IF(F25="", "", IFERROR(ROUND(AF25 / (R25 * AB25), 0), "")) -> 2 | AH25: 1 | AI25: 5 | AJ25: =IF(F25="", "", IFERROR(G25 / AI25, "")) -> 5.68 | AK25: =IF(F25="", "", IFERROR(F25 / AH25, "")) -> 1.3 | AL25: =IF(F25="", "", IFERROR(AJ25 / 2, "")) -> 2.84 | AM25: =IF(F25="", "", IFERROR(AK25 / 2, "")) -> 0.65 | AN25: =AH25*AI25*AB25*(V25+W25) -> 200 | AO25: =IF(F25="", "", IFERROR(AN25 / X25, "")) -> 202.0202
A26: 21 | B26: Circulação 3 | C26: 0.7 | D26: 0.5 | E26: 0.1 | F26: 1 | G26: 5.1 | H26: 3 | I26: 0.7 | J26: 0.5 | K26: =IF(F26="", "", H26 - I26 - J26) -> 1.8 | L26: 100 | M26: 13 | N26: =IF(F26="", "", (F26 * G26) / (K26 * (F26 + G26))) -> 0.46448087 | O26: Luminária LED | P26: LUMICENTER | Q26: LHT44-S4000840 | R26: 4000 | S26: 80 | T26: 4000 | U26: 50000 | V26: 40 | W26: 0 | X26: 0.99 | Y26: https://lumicenter.com/produtos/lht44-s | Z26: LUMICENTER | AA26: LHT44-S4000840 | AB26: 1 | AC26: https://lumicenter.com/produtos/lht44-s | AD26: 0.28 | AE26: 0.85 | AF26: =IF(F26="", "", IFERROR((L26 * F26 * G26) / (AD26 * AE26), "")) -> 2142.8571 | AG26: =IF(F26="", "", IFERROR(ROUND(AF26 / (R26 * AB26), 0), "")) -> 1 | AH26: 1 | AI26: 2 | AJ26: =IF(F26="", "", IFERROR(G26 / AI26, "")) -> 2.55 | AK26: =IF(F26="", "", IFERROR(F26 / AH26, "")) -> 1 | AL26: =IF(F26="", "", IFERROR(AJ26 / 2, "")) -> 1.275 | AM26: =IF(F26="", "", IFERROR(AK26 / 2, "")) -> 0.5 | AN26: =AH26*AI26*AB26*(V26+W26) -> 80 | AO26: =IF(F26="", "", IFERROR(AN26 / X26, "")) -> 80.808081
A27: 22 | B27: Subestação | C27: 0.7 | D27: 0.5 | E27: 0.1 | F27: 5.6 | G27: 7.7 | H27: 3 | I27: 0.7 | J27: 0.5 | K27: =IF(F27="", "", H27 - I27 - J27) -> 1.8 | L27: 100 | M27: =IF(F27="", "", 5 * K27 * (F27 + G27) / (F27 * G27)) -> 2.775974 | N27: =IF(F27="", "", (F27 * G27) / (K27 * (F27 + G27))) -> 1.8011696 | O27: Luminária LED | P27: LUMICENTER | Q27: LHT44-S4000840 | R27: 4000 | S27: 80 | T27: 4000 | U27: 50000 | V27: 40 | W27: 0 | X27: 0.99 | Y27: https://lumicenter.com/produtos/lht44-s | Z27: LUMICENTER | AA27: LHT44-S4000840 | AB27: 1 | AC27: https://lumicenter.com/produtos/lht44-s | AD27: 0.79 | AE27: 0.85 | AF27: =IF(F27="", "", IFERROR((L27 * F27 * G27) / (AD27 * AE27), "")) -> 6421.4445 | AG27: =IF(F27="", "", IFERROR(ROUND(AF27 / (R27 * AB27), 0), "")) -> 2 | AH27: 1 | AI27: 2 | AJ27: =IF(F27="", "", IFERROR(G27 / AI27, "")) -> 3.85 | AK27: =IF(F27="", "", IFERROR(F27 / AH27, "")) -> 5.6 | AL27: =IF(F27="", "", IFERROR(AJ27 / 2, "")) -> 1.925 | AM27: =IF(F27="", "", IFERROR(AK27 / 2, "")) -> 2.8 | AN27: =AH27*AI27*AB27*(V27+W27) -> 80 | AO27: =IF(F27="", "", IFERROR(AN27 / X27, "")) -> 80.808081

Sheet Previsão de Cargas
A1: PREVISÃO DE CARGAS
A2: Dependência | B2: Dimensões Área [m²] | C2: Dimensões Perímerímetro [m] | D2: Potência de Iluminação [VA] | E2: TUG's Monofásico | G2: TUG's Trifásico | I2: TUE's
E3: Quantidade | F3: Potência [VA] | G3: Quantidade | H3: Potência [VA] | I3: Descrição | J3: Potência [W]
A4: ÁREA FABRIL
A5: =Luminotécnico!B5 -> Tornear e Chanfrar | B5: =Luminotécnico!F5*Luminotécnico!G5 -> 145.8 | C5: =2*(Luminotécnico!F5+Luminotécnico!G5) -> 50.4 | D5: =Luminotécnico!AO5 -> 953.93939 | E5: =ROUNDUP(C5/7.5, 0) -> 7 | F5: =E5*600 -> 4200 | G5: =ROUNDUP(C5/15,0) -> 4 | H5: =G5*6000 -> 24000 | I5: Bancada 1 + Bancada 2 | J5: 4160
A6: =Luminotécnico!B6 -> Polimento | B6: =Luminotécnico!F6*Luminotécnico!G6 -> 132.84 | C6: =2*(Luminotécnico!F6+Luminotécnico!G6) -> 48.8 | D6: =Luminotécnico!AO6 -> 1430.9091 | E6: =ROUNDUP(C6/7.5, 0) -> 7 | F6: =E6*600 -> 4200 | G6: =ROUNDUP(C6/15,0) -> 4 | H6: =G6*6000 -> 24000 | I6: Bancada 3 + Bancada 4 | J6: 4320
A7: =Luminotécnico!B7 -> Colagem e montagem | B7: =Luminotécnico!F7*Luminotécnico!G7 -> 149.4 | C7: =2*(Luminotécnico!F7+Luminotécnico!G7) -> 51.2 | D7: =Luminotécnico!AO7 -> 635.9596 | E7: =ROUNDUP(C7/7.5, 0) -> 7 | F7: =E7*600 -> 4200 | G7: =ROUNDUP(C7/15,0) -> 4 | H7: =G7*6000 -> 24000 | I7: Bancada 5 | J7: 2240
A8: =Luminotécnico!B8 -> Sistemas de Serra | B8: =Luminotécnico!F8*Luminotécnico!G8 -> 136.105 | C8: =2*(Luminotécnico!F8+Luminotécnico!G8) -> 49.7 | D8: =Luminotécnico!AO8 -> 635.9596 | E8: =ROUNDUP(C8/7.5, 0) -> 7 | F8: =E8*600 -> 4200 | G8: =ROUNDUP(C8/15,0) -> 4 | H8: =G8*6000 -> 24000 | I8: Bancada 6 | J8: 5440
A9: =Luminotécnico!B9 -> Inspeção Final | B9: =Luminotécnico!F9*Luminotécnico!G9 -> 96.1675 | C9: =2*(Luminotécnico!F9+Luminotécnico!G9) -> 41.2 | D9: =Luminotécnico!AO9 -> 1669.3939 | E9: =ROUNDUP(C9/7.5, 0) -> 6 | F9: =E9*600 -> 3600 | G9: =ROUNDUP(C9/15,0) -> 3 | H9: =G9*6000 -> 18000
A10: ÁREA COMERCIAL
A11: =Luminotécnico!B11 -> Sala de Estar | B11: =Luminotécnico!F11*Luminotécnico!G11 -> 54.28 | C11: =2*(Luminotécnico!F11+Luminotécnico!G11) -> 30.2 | D11: =IF(B11<=6, 100, 100 + INT((B11 - 6) / 4) * 60) -> 820 | E11: =ROUNDUP(C11/5, 0) -> 7 | F11: =E11*100 -> 700 | G11: 0 | H11: =G11*6000 -> 0 | I11: Ar Condicionado 18.000 BTU/h | J11: 1900
A12: =Luminotécnico!B12 -> Sala de reuniões | B12: =Luminotécnico!F12*Luminotécnico!G12 -> 42.35 | C12: =2*(Luminotécnico!F12+Luminotécnico!G12) -> 26.4 | D12: =IF(B12<=6, 100, 100 + INT((B12 - 6) / 4) * 60) -> 640 | E12: =IF(B12<=37, MAX(ROUNDUP(C12/3,0), ROUNDUP(B12/4,0)), 8+3*ROUNDUP((B12-37)/37,0)) -> 11 | F12: =E12*200 -> 2200 | G12: 0 | H12: =G12*6000 -> 0 | I12: Ar Condicionado 24.000 BTU/h | J12: 2500
A13: =Luminotécnico!B13 -> Recepção | B13: =Luminotécnico!F13*Luminotécnico!G13 -> 19.2 | C13: =2*(Luminotécnico!F13+Luminotécnico!G13) -> 17.6 | D13: =IF(B13<=6, 100, 100 + INT((B13 - 6) / 4) * 60) -> 280 | E13: =IF(B13<=37, MAX(ROUNDUP(C13/3,0), ROUNDUP(B13/4,0)), 8+3*ROUNDUP((B13-37)/37,0)) -> 6 | F13: =E13*200 -> 1200 | G13: 0 | H13: =G13*6000 -> 0 | I13: Ar Condicionado 12.000 BTU/h | J13: 1400
A14: =Luminotécnico!B14 -> Copa | B14: =Luminotécnico!F14*Luminotécnico!G14 -> 16.8 | C14: =2*(Luminotécnico!F14+Luminotécnico!G14) -> 16.6 | D14: =IF(B14<=6, 100, 100 + INT((B14 - 6) / 4) * 60) -> 220 | E14: =ROUNDUP(C14/3.5, 0) -> 5 | F14: =IF(E14>3, 3*600 + (E14-3)*100, E14*600) -> 2000 | G14: 0 | H14: =G14*6000 -> 0
A15: =Luminotécnico!B15 -> Ante Sala | B15: =Luminotécnico!F15*Luminotécnico!G15 -> 18 | C15: =2*(Luminotécnico!F15+Luminotécnico!G15) -> 22 | D15: =IF(B15<=6, 100, 100 + INT((B15 - 6) / 4) * 60) -> 280 | E15: =ROUNDUP(C15/5, 0) -> 5 | F15: =E15*100 -> 500 | G15: 0 | H15: =G15*6000 -> 0
A16: =Luminotécnico!B16 -> BWC1 | B16: =Luminotécnico!F16*Luminotécnico!G16 -> 25.704 | C16: =2*(Luminotécnico!F16+Luminotécnico!G16) -> 21.54 | D16: =IF(B16<=6, 100, 100 + INT((B16 - 6) / 4) * 60) -> 340 | E16: 1 | F16: 600 | G16: 0 | H16: =G16*6000 -> 0 | I16: Secador de Mãos | J16: 1500
A17: =Luminotécnico!B17 -> BWC2 | B17: =Luminotécnico!F17*Luminotécnico!G17 -> 25.704 | C17: =2*(Luminotécnico!F17+Luminotécnico!G17) -> 21.54 | D17: =IF(B17<=6, 100, 100 + INT((B17 - 6) / 4) * 60) -> 340 | E17: 1 | F17: 600 | G17: 0 | H17: =G17*6000 -> 0 | I17: Secador de Mãos | J17: 1500
A18: =Luminotécnico!B18 -> BWC3 | B18: =Luminotécnico!F18*Luminotécnico!G18 -> 21 | C18: =2*(Luminotécnico!F18+Luminotécnico!G18) -> 19 | D18: =IF(B18<=6, 100, 100 + INT((B18 - 6) / 4) * 60) -> 280 | E18: 1 | F18: 600 | G18: 0 | H18: =G18*6000 -> 0 | I18: Secador de Mãos | J18: 1500
A19: =Luminotécnico!B19 -> BWC4 | B19: =Luminotécnico!F19*Luminotécnico!G19 -> 21 | C19: =2*(Luminotécnico!F19+Luminotécnico!G19) -> 19 | D19: =IF(B19<=6, 100, 100 + INT((B19 - 6) / 4) * 60) -> 280 | E19: 1 | F19: 600 | G19: 0 | H19: =G19*6000 -> 0 | I19: Secador de Mãos | J19: 1500
A20: =Luminotécnico!B20 -> Vídeo Conferencia | B20: =Luminotécnico!F20*Luminotécnico!G20 -> 26.32 | C20: =2*(Luminotécnico!F20+Luminotécnico!G20) -> 20.6 | D20: =IF(B20<=6, 100, 100 + INT((B20 - 6) / 4) * 60) -> 400 | E20: =IF(B20<=37, MAX(ROUNDUP(C20/3,0), ROUNDUP(B20/4,0)), 8+3*ROUNDUP((B20-37)/37,0)) -> 7 | F20: =E20*200 -> 1400 | G20: 0 | H20: =G20*6000 -> 0 | I20: Ar Condicionado 18.000 BTU/h | J20: 1900
A21: =Luminotécnico!B21 -> Presidência | B21: =Luminotécnico!F21*Luminotécnico!G21 -> 15.12 | C21: =2*(Luminotécnico!F21+Luminotécnico!G21) -> 16.6 | D21: =IF(B21<=6, 100, 100 + INT((B21 - 6) / 4) * 60) -> 220 | E21: =IF(B21<=37, MAX(ROUNDUP(C21/3,0), ROUNDUP(B21/4,0)), 8+3*ROUNDUP((B21-37)/37,0)) -> 6 | F21: =E21*200 -> 1200 | G21: 0 | H21: =G21*6000 -> 0 | I21: Ar Condicionado 12.000 BTU/h | J21: 1400
A22: =Luminotécnico!B22 -> Diretoria Técnica | B22: =Luminotécnico!F22*Luminotécnico!G22 -> 34.65 | C22: =2*(Luminotécnico!F22+Luminotécnico!G22) -> 24.4 | D22: =IF(B22<=6, 100, 100 + INT((B22 - 6) / 4) * 60) -> 520 | E22: =IF(B22<=37, MAX(ROUNDUP(C22/3,0), ROUNDUP(B22/4,0)), 8+3*ROUNDUP((B22-37)/37,0)) -> 9 | F22: =E22*200 -> 1800 | G22: 0 | H22: =G22*6000 -> 0 | I22: Ar Condicionado 12.000 BTU/h | J22: 1400
A23: =Luminotécnico!B23 -> Depósito | B23: =Luminotécnico!F23*Luminotécnico!G23 -> 26.95 | C23: =2*(Luminotécnico!F23+Luminotécnico!G23) -> 22.4 | D23: =IF(B23<=6, 100, 100 + INT((B23 - 6) / 4) * 60) -> 400 | E23: =ROUNDUP(C23/5, 0) -> 5 | F23: =E23*100 -> 500 | G23: 0 | H23: =G23*6000 -> 0 | I23: Carregador de Baterias (TUE) | J23: 6000
A24: =Luminotécnico!B24 -> Circulação 1 | B24: =Luminotécnico!F24*Luminotécnico!G24 -> 15.8 | C24: =2*(Luminotécnico!F24+Luminotécnico!G24) -> 19.8 | D24: =IF(B24<=6, 100, 100 + INT((B24 - 6) / 4) * 60) -> 220 | E24: =ROUNDUP(C24/5, 0) -> 4 | F24: =E24*100 -> 400 | G24: 0 | H24: =G24*6000 -> 0
A25: =Luminotécnico!B25 -> Circulação 2 | B25: =Luminotécnico!F25*Luminotécnico!G25 -> 36.92 | C25: =2*(Luminotécnico!F25+Luminotécnico!G25) -> 59.4 | D25: =IF(B25<=6, 100, 100 + INT((B25 - 6) / 4) * 60) -> 520 | E25: =ROUNDUP(C25/5, 0) -> 12 | F25: =E25*100 -> 1200 | G25: 0 | H25: =G25*6000 -> 0
A26: =Luminotécnico!B26 -> Circulação 3 | B26: =Luminotécnico!F26*Luminotécnico!G26 -> 5.1 | C26: =2*(Luminotécnico!F26+Luminotécnico!G26) -> 12.2 | D26: =IF(B26<=6, 100, 100 + INT((B26 - 6) / 4) * 60) -> 100 | E26: 2 | F26: =E26*100 -> 200 | G26: 0 | H26: =G26*6000 -> 0
A27: =Luminotécnico!B27 -> Subestação | B27: =Luminotécnico!F27*Luminotécnico!G27 -> 43.12 | C27: =2*(Luminotécnico!F27+Luminotécnico!G27) -> 26.6 | D27: =IF(B27<=6, 100, 100 + INT((B27 - 6) / 4) * 60) -> 640 | E27: =ROUNDUP(C27/5, 0) -> 6 | F27: =E27*100 -> 600 | G27: 0 | H27: =G27*6000 -> 0 | I27: Exaustor / TUE | J27: 6000

Sheet Divisão dos Circuitos
A1: DIVISÃO DOS CIRCUITOS
A2: Circuito N° - Tipo | B2: VN - Tensão [V] | C2: Origem | D2: Destino | E2: S1 - Seção Mínima [mm²] | F2: Tipo de Fornecimento | G2: F.P. | H2: Potências | K2: IN -Corrente de projeto [A] | L2: Proteção Disjuntor Termomagnético - DTM | N2: Proteção Interruptor Diferencial Residual - IDR
H3: P Ativa [W] | I3: S Aparente [VA] | J3: Q Reativa [VAr] | L3: n° de polos | M3: ID - Corrente nominal [A] | N3: n° de polos | O3: Corrente nominal [A]
A4: QD1 - QUADRO DE DISTRIBUIÇÃO 1
A5: 01 - Iluminação | B5: 220 | C5: QD1 | D5: Tornear e Chanfrar, Polimento | E5: 1.5 | F5: 1 | G5: 0.99 | H5: =I5*G5 -> 2361 | I5: ='Previsão de Cargas'!D5+'Previsão de Cargas'!D6 -> 2384.8485 | J5: =SQRT(I5^2-H5^2) -> 336.42428 | K5: =IF(F5=3, I5/(SQRT(3)*B5), I5/(F5*B5)) -> 10.84022 | L5: 1 | M5: 16 | N5: 2 | O5: 25
A6: 12 - TUGs | B6: 220 | C6: QD1 | D6: Tornear e Chanfrar - Circuito 1 | E6: 2.5 | F6: 1 | G6: 0.8 | H6: =I6*G6 -> 1920 | I6: =ROUNDUP('Previsão de Cargas'!E5/2,0)*600 -> 2400 | J6: =SQRT(I6^2-H6^2) -> 1440 | K6: =IF(F6=3, I6/(SQRT(3)*B6), I6/(F6*B6)) -> 10.909091 | L6: 1 | M6: 16 | N6: 2 | O6: 25
A7: 13 - TUGs | B7: 220 | C7: QD1 | D7: Tornear e Chanfrar - Circuito 2 | E7: 2.5 | F7: 1 | G7: 0.8 | H7: =I7*G7 -> 1440 | I7: =('Previsão de Cargas'!E5-ROUNDUP('Previsão de Cargas'!E5/2,0))*600 -> 1800 | J7: =SQRT(I7^2-H7^2) -> 1080 | K7: =IF(F7=3, I7/(SQRT(3)*B7), I7/(F7*B7)) -> 8.1818182 | L7: 1 | M7: 10 | N7: 2 | O7: 25
A8: 14 - TUGs | B8: 220 | C8: QD1 | D8: Polimento - Circuito 1 | E8: 2.5 | F8: 1 | G8: 0.8 | H8: =I8*G8 -> 1920 | I8: =ROUNDUP('Previsão de Cargas'!E6/2,0)*600 -> 2400 | J8: =SQRT(I8^2-H8^2) -> 1440 | K8: =IF(F8=3, I8/(SQRT(3)*B8), I8/(F8*B8)) -> 10.909091 | L8: 1 | M8: 16 | N8: 2 | O8: 25
A9: 15 - TUGs | B9: 220 | C9: QD1 | D9: Polimento - Circuito 2 | E9: 2.5 | F9: 1 | G9: 0.8 | H9: =I9*G9 -> 1440 | I9: =('Previsão de Cargas'!E6-ROUNDUP('Previsão de Cargas'!E6/2,0))*600 -> 1800 | J9: =SQRT(I9^2-H9^2) -> 1080 | K9: =IF(F9=3, I9/(SQRT(3)*B9), I9/(F9*B9)) -> 8.1818182 | L9: 1 | M9: 10 | N9: 2 | O9: 25
A10: 22 - TUGs Trifásicas | B10: 380 | C10: QD1 | D10: Tornear e Chanfrar - Circuito 1 | E10: 2.5 | F10: 3 | G10: 0.8 | H10: =I10*G10 -> 9600 | I10: 12000 | J10: =SQRT(I10^2-H10^2) -> 7200 | K10: =IF(F10=3, I10/(SQRT(3)*B10), I10/(F10*B10)) -> 18.232114 | L10: 3 | M10: 20 | N10: 4 | O10: 25
A11: 23 - TUGs Trifásicas | B11: 380 | C11: QD1 | D11: Polimento - Circuito 1 | E11: 2.5 | F11: 3 | G11: 0.8 | H11: =I11*G11 -> 9600 | I11: 12000 | J11: =SQRT(I11^2-H11^2) -> 7200 | K11: =IF(F11=3, I11/(SQRT(3)*B11), I11/(F11*B11)) -> 18.232114 | L11: 3 | M11: 20 | N11: 4 | O11: 25
A12: 38 - TUGs Trifásicas | B12: 380 | C12: QD1 | D12: Tornear e Chanfrar - Circuito 2 | E12: 2.5 | F12: 3 | G12: 0.8 | H12: =I12*G12 -> 9600 | I12: 12000 | J12: =SQRT(I12^2-H12^2) -> 7200 | K12: =IF(F12=3, I12/(SQRT(3)*B12), I12/(F12*B12)) -> 18.232114 | L12: 3 | M12: 20 | N12: 4 | O12: 25
A13: 39 - TUGs Trifásicas | B13: 380 | C13: QD1 | D13: Polimento - Circuito 2 | E13: 2.5 | F13: 3 | G13: 0.8 | H13: =I13*G13 -> 9600 | I13: 12000 | J13: =SQRT(I13^2-H13^2) -> 7200 | K13: =IF(F13=3, I13/(SQRT(3)*B13), I13/(F13*B13)) -> 18.232114 | L13: 3 | M13: 20 | N13: 4 | O13: 25
A14: 44 - TUE Bancada 1 | B14: 220 | C14: QD1 | D14: Bancada 1 | E14: 2.5 | F14: 1 | G14: 0.8 | H14: =I14*G14 -> 2400 | I14: 3000 | J14: =SQRT(I14^2-H14^2) -> 1800 | K14: =IF(F14=3, I14/(SQRT(3)*B14), I14/(F14*B14)) -> 13.636364 | L14: 1 | M14: 16 | N14: 2 | O14: 25
A15: 45 - TUE Bancada 2 | B15: 220 | C15: QD1 | D15: Bancada 2 | E15: 2.5 | F15: 1 | G15: 0.8 | H15: =I15*G15 -> 1760 | I15: 2200 | J15: =SQRT(I15^2-H15^2) -> 1320 | K15: =IF(F15=3, I15/(SQRT(3)*B15), I15/(F15*B15)) -> 10 | L15: 1 | M15: 16 | N15: 2 | O15: 25
A16: 46 - TUE Bancada 3 | B16: 220 | C16: QD1 | D16: Bancada 3 | E16: 2.5 | F16: 1 | G16: 0.8 | H16: =I16*G16 -> 1600 | I16: 2000 | J16: =SQRT(I16^2-H16^2) -> 1200 | K16: =IF(F16=3, I16/(SQRT(3)*B16), I16/(F16*B16)) -> 9.0909091 | L16: 1 | M16: 10 | N16: 2 | O16: 25
A17: 47 - TUE Bancada 4 | B17: 220 | C17: QD1 | D17: Bancada 4 | E17: 2.5 | F17: 1 | G17: 0.8 | H17: =I17*G17 -> 2720 | I17: 3400 | J17: =SQRT(I17^2-H17^2) -> 2040 | K17: =IF(F17=3, I17/(SQRT(3)*B17), I17/(F17*B17)) -> 15.454545 | L17: 1 | M17: 16 | N17: 2 | O17: 25
A18: QD2 - QUADRO DE DISTRIBUIÇÃO 2
A19: 02 - Iluminação | B19: 220 | C19: QD2 | D19: Colagem e Montagem, Sistemas de Serra, BWC 1 e 2 | E19: 1.5 | F19: 1 | G19: 0.99 | H19: =I19*G19 -> 1932.4 | I19: ='Previsão de Cargas'!D7+'Previsão de Cargas'!D8+'Previsão de Cargas'!D16+'Previsão de Cargas'!D17 -> 1951.9192 | J19: =SQRT(I19^2-H19^2) -> 275.35209 | K19: =IF(F19=3, I19/(SQRT(3)*B19), I19/(F19*B19)) -> 8.87236 | L19: 1 | M19: 10 | N19: 2 | O19: 25
A20: 05 - Iluminação | B20: 220 | C20: QD2 | D20: Inspeção Final | E20: 1.5 | F20: 1 | G20: 0.99 | H20: =I20*G20 -> 1652.7 | I20: ='Previsão de Cargas'!D9 -> 1669.3939 | J20: =SQRT(I20^2-H20^2) -> 235.497 | K20: =IF(F20=3, I20/(SQRT(3)*B20), I20/(F20*B20)) -> 7.5881543 | L20: 1 | M20: 10 | N20: 2 | O20: 25
A21: 07 - TUGs | B21: 220 | C21: QD2 | D21: Sanitários Operacionais (BWC 1 e 2) | E21: 2.5 | F21: 1 | G21: 0.8 | H21: =I21*G21 -> 960 | I21: ='Previsão de Cargas'!F16+'Previsão de Cargas'!F17 -> 1200 | J21: =SQRT(I21^2-H21^2) -> 720 | K21: =IF(F21=3, I21/(SQRT(3)*B21), I21/(F21*B21)) -> 5.4545455 | L21: 1 | M21: 10 | N21: 2 | O21: 25
A22: 16 - TUGs | B22: 220 | C22: QD2 | D22: Colagem e Montagem - Circuito 1 | E22: 2.5 | F22: 1 | G22: 0.8 | H22: =I22*G22 -> 1920 | I22: =ROUNDUP('Previsão de Cargas'!E7/2,0)*600 -> 2400 | J22: =SQRT(I22^2-H22^2) -> 1440 | K22: =IF(F22=3, I22/(SQRT(3)*B22), I22/(F22*B22)) -> 10.909091 | L22: 1 | M22: 16 | N22: 2 | O22: 25
A23: 17 - TUGs | B23: 220 | C23: QD2 | D23: Colagem e Montagem - Circuito 2 | E23: 2.5 | F23: 1 | G23: 0.8 | H23: =I23*G23 -> 1440 | I23: =('Previsão de Cargas'!E7-ROUNDUP('Previsão de Cargas'!E7/2,0))*600 -> 1800 | J23: =SQRT(I23^2-H23^2) -> 1080 | K23: =IF(F23=3, I23/(SQRT(3)*B23), I23/(F23*B23)) -> 8.1818182 | L23: 1 | M23: 10 | N23: 2 | O23: 25
A24: 18 - TUGs | B24: 220 | C24: QD2 | D24: Sistemas de Serra - Circuito 1 | E24: 2.5 | F24: 1 | G24: 0.8 | H24: =I24*G24 -> 1920 | I24: =ROUNDUP('Previsão de Cargas'!E8/2,0)*600 -> 2400 | J24: =SQRT(I24^2-H24^2) -> 1440 | K24: =IF(F24=3, I24/(SQRT(3)*B24), I24/(F24*B24)) -> 10.909091 | L24: 1 | M24: 16 | N24: 2 | O24: 25
A25: 19 - TUGs | B25: 220 | C25: QD2 | D25: Sistemas de Serra - Circuito 2 | E25: 2.5 | F25: 1 | G25: 0.8 | H25: =I25*G25 -> 1440 | I25: =('Previsão de Cargas'!E8-ROUNDUP('Previsão de Cargas'!E8/2,0))*600 -> 1800 | J25: =SQRT(I25^2-H25^2) -> 1080 | K25: =IF(F25=3, I25/(SQRT(3)*B25), I25/(F25*B25)) -> 8.1818182 | L25: 1 | M25: 10 | N25: 2 | O25: 25
A26: 20 - TUGs | B26: 220 | C26: QD2 | D26: Inspeção Final - Circuito 1 | E26: 2.5 | F26: 1 | G26: 0.8 | H26: =I26*G26 -> 1440 | I26: =ROUNDUP('Previsão de Cargas'!E9/2,0)*600 -> 1800 | J26: =SQRT(I26^2-H26^2) -> 1080 | K26: =IF(F26=3, I26/(SQRT(3)*B26), I26/(F26*B26)) -> 8.1818182 | L26: 1 | M26: 10 | N26: 2 | O26: 25
A27: 21 - TUGs | B27: 220 | C27: QD2 | D27: Inspeção Final - Circuito 2 | E27: 2.5 | F27: 1 | G27: 0.8 | H27: =I27*G27 -> 1440 | I27: =('Previsão de Cargas'!E9-ROUNDUP('Previsão de Cargas'!E9/2,0))*600 -> 1800 | J27: =SQRT(I27^2-H27^2) -> 1080 | K27: =IF(F27=3, I27/(SQRT(3)*B27), I27/(F27*B27)) -> 8.1818182 | L27: 1 | M27: 10 | N27: 2 | O27: 25
A28: 24 - TUGs Trifásicas | B28: 380 | C28: QD2 | D28: Colagem e Montagem - Circuito 1 | E28: 2.5 | F28: 3 | G28: 0.8 | H28: =I28*G28 -> 9600 | I28: ='Previsão de Cargas'!H7/2 -> 12000 | J28: =SQRT(I28^2-H28^2) -> 7200 | K28: =IF(F28=3, I28/(SQRT(3)*B28), I28/(F28*B28)) -> 18.232114 | L28: 3 | M28: 20 | N28: 4 | O28: 25
A29: 25 - TUGs Trifásicas | B29: 380 | C29: QD2 | D29: Colagem e Montagem - Circuito 2 | E29: 2.5 | F29: 3 | G29: 0.8 | H29: =I29*G29 -> 9600 | I29: ='Previsão de Cargas'!H7/2 -> 12000 | J29: =SQRT(I29^2-H29^2) -> 7200 | K29: =IF(F29=3, I29/(SQRT(3)*B29), I29/(F29*B29)) -> 18.232114 | L29: 3 | M29: 20 | N29: 4 | O29: 25
A30: 26 - TUGs Trifásicas | B30: 380 | C30: QD2 | D30: Sistemas de Serra - Circuito 1 | E30: 2.5 | F30: 3 | G30: 0.8 | H30: =I30*G30 -> 9600 | I30: 12000 | J30: =SQRT(I30^2-H30^2) -> 7200 | K30: =IF(F30=3, I30/(SQRT(3)*B30), I30/(F30*B30)) -> 18.232114 | L30: 3 | M30: 20 | N30: 4 | O30: 25
A31: 27 - TUGs Trifásicas | B31: 380 | C31: QD2 | D31: Inspeção Final | E31: 2.5 | F31: 3 | G31: 0.8 | H31: =I31*G31 -> 14400 | I31: ='Previsão de Cargas'!H9 -> 18000 | J31: =SQRT(I31^2-H31^2) -> 10800 | K31: =IF(F31=3, I31/(SQRT(3)*B31), I31/(F31*B31)) -> 27.348171 | L31: 3 | M31: 32 | N31: 4 | O31: 40
A32: 30 - TUE | B32: 220 | C32: QD2 | D32: Secadores de Mãos - BWC 1 e 2 | E32: 2.5 | F32: 1 | G32: 0.98 | H32: =I32*G32 -> 3000 | I32: =('Previsão de Cargas'!J16+'Previsão de Cargas'!J17)/G32 -> 3061.2245 | J32: =SQRT(I32^2-H32^2) -> 609.17598 | K32: =IF(F32=3, I32/(SQRT(3)*B32), I32/(F32*B32)) -> 13.914657 | L32: 1 | M32: 16 | N32: 2 | O32: 25
A33: 40 - TUGs Trifásicas | B33: 380 | C33: QD2 | D33: Sistemas de Serra - Circuito 2 | E33: 2.5 | F33: 3 | G33: 0.8 | H33: =I33*G33 -> 9600 | I33: 12000 | J33: =SQRT(I33^2-H33^2) -> 7200 | K33: =IF(F33=3, I33/(SQRT(3)*B33), I33/(F33*B33)) -> 18.232114 | L33: 3 | M33: 20 | N33: 4 | O33: 25
A34: 48 - TUE Bancada 5 | B34: 220 | C34: QD2 | D34: Bancada 5 | E34: 2.5 | F34: 1 | G34: 0.8 | H34: =I34*G34 -> 2240 | I34: 2800 | J34: =SQRT(I34^2-H34^2) -> 1680 | K34: =IF(F34=3, I34/(SQRT(3)*B34), I34/(F34*B34)) -> 12.727273 | L34: 1 | M34: 16 | N34: 2 | O34: 25
A35: 49 - TUE Bancada 6 | B35: 380 | C35: QD2 | D35: Bancada 6 | E35: 2.5 | F35: 2 | G35: 0.8 | H35: =I35*G35 -> 5440 | I35: 6800 | J35: =SQRT(I35^2-H35^2) -> 4080 | K35: =I35/380 -> 17.894737 | L35: 2 | M35: 20 | N35: 2 | O35: 25
A36: QD3 - QUADRO DE DISTRIBUIÇÃO 3
A37: 03 - Iluminação | B37: 220 | C37: QD3 | D37: Sala de Estar, Reuniões, Recepção, Copa | E37: 1.5 | F37: 1 | G37: 0.99 | H37: =I37*G37 -> 1940.4 | I37: ='Previsão de Cargas'!D11+'Previsão de Cargas'!D12+'Previsão de Cargas'!D13+'Previsão de Cargas'!D14 -> 1960 | J37: =SQRT(I37^2-H37^2) -> 276.49203 | K37: =IF(F37=3, I37/(SQRT(3)*B37), I37/(F37*B37)) -> 8.9090909 | L37: 1 | M37: 10 | N37: 2 | O37: 25
A38: 06 - TUGs | B38: 220 | C38: QD3 | D38: Copa | E38: 2.5 | F38: 1 | G38: 0.8 | H38: =I38*G38 -> 1600 | I38: ='Previsão de Cargas'!F14 -> 2000 | J38: =SQRT(I38^2-H38^2) -> 1200 | K38: =IF(F38=3, I38/(SQRT(3)*B38), I38/(F38*B38)) -> 9.0909091 | L38: 1 | M38: 10 | N38: 2 | O38: 25
A39: 08 - TUGs | B39: 220 | C39: QD3 | D39: Sanitários Administrativos (BWC 3 e 4) | E39: 2.5 | F39: 1 | G39: 0.8 | H39: =I39*G39 -> 960 | I39: ='Previsão de Cargas'!F18+'Previsão de Cargas'!F19 -> 1200 | J39: =SQRT(I39^2-H39^2) -> 720 | K39: =IF(F39=3, I39/(SQRT(3)*B39), I39/(F39*B39)) -> 5.4545455 | L39: 1 | M39: 10 | N39: 2 | O39: 25
A40: 10 - TUGs | B40: 220 | C40: QD3 | D40: Sala de Estar, Sala de Reuniões | E40: 2.5 | F40: 1 | G40: 0.8 | H40: =I40*G40 -> 2320 | I40: ='Previsão de Cargas'!F11+'Previsão de Cargas'!F12 -> 2900 | J40: =SQRT(I40^2-H40^2) -> 1740 | K40: =IF(F40=3, I40/(SQRT(3)*B40), I40/(F40*B40)) -> 13.181818 | L40: 1 | M40: 16 | N40: 2 | O40: 25
A41: 11 - TUGs | B41: 220 | C41: QD3 | D41: Circulação 2 e 3 | E41: 2.5 | F41: 1 | G41: 0.8 | H41: =I41*G41 -> 1120 | I41: ='Previsão de Cargas'!F25+'Previsão de Cargas'!F26 -> 1400 | J41: =SQRT(I41^2-H41^2) -> 840 | K41: =IF(F41=3, I41/(SQRT(3)*B41), I41/(F41*B41)) -> 6.3636364 | L41: 1 | M41: 10 | N41: 2 | O41: 25
A42: 31 - TUE | B42: 220 | C42: QD3 | D42: Secadores de Mãos - BWC 3 e 4 | E42: 2.5 | F42: 1 | G42: 0.98 | H42: =I42*G42 -> 3000 | I42: =('Previsão de Cargas'!J18+'Previsão de Cargas'!J19)/G42 -> 3061.2245 | J42: =SQRT(I42^2-H42^2) -> 609.17598 | K42: =IF(F42=3, I42/(SQRT(3)*B42), I42/(F42*B42)) -> 13.914657 | L42: 1 | M42: 16 | N42: 2 | O42: 25
A43: 32 - TUE | B43: 220 | C43: QD3 | D43: Ar Condicionado - Sala de Estar | E43: 2.5 | F43: 1 | G43: 0.92 | H43: =I43*G43 -> 1900 | I43: ='Previsão de Cargas'!J11/G43 -> 2065.2174 | J43: =SQRT(I43^2-H43^2) -> 809.39661 | K43: =IF(F43=3, I43/(SQRT(3)*B43), I43/(F43*B43)) -> 9.3873518 | L43: 1 | M43: 10 | N43: 2 | O43: 25
A44: 33 - TUE | B44: 220 | C44: QD3 | D44: Ar Condicionado - Sala de Reuniões | E44: 2.5 | F44: 1 | G44: 0.92 | H44: =I44*G44 -> 2500 | I44: ='Previsão de Cargas'!J12/G44 -> 2717.3913 | J44: =SQRT(I44^2-H44^2) -> 1064.9955 | K44: =IF(F44=3, I44/(SQRT(3)*B44), I44/(F44*B44)) -> 12.351779 | L44: 1 | M44: 16 | N44: 2 | O44: 25
A45: 34 - TUE | B45: 220 | C45: QD3 | D45: Ar Condicionado - Recepção | E45: 2.5 | F45: 1 | G45: 0.92 | H45: =I45*G45 -> 1400 | I45: ='Previsão de Cargas'!J13/G45 -> 1521.7391 | J45: =SQRT(I45^2-H45^2) -> 596.3975 | K45: =IF(F45=3, I45/(SQRT(3)*B45), I45/(F45*B45)) -> 6.916996 | L45: 1 | M45: 10 | N45: 2 | O45: 25
A46: 42 - TUGs | B46: 220 | C46: QD3 | D46: Recepção, Ante Sala | E46: 2.5 | F46: 1 | G46: 0.8 | H46: =I46*G46 -> 1360 | I46: ='Previsão de Cargas'!F13+'Previsão de Cargas'!F15 -> 1700 | J46: =SQRT(I46^2-H46^2) -> 1020 | K46: =IF(F46=3, I46/(SQRT(3)*B46), I46/(F46*B46)) -> 7.7272727 | L46: 1 | M46: 10 | N46: 2 | O46: 25
A47: 43 - Iluminação | B47: 220 | C47: QD3 | D47: Ante Sala, Circulação 2, Circulação 3, BWC 3 e 4 | E47: 1.5 | F47: 1 | G47: 0.99 | H47: =I47*G47 -> 1445.4 | I47: ='Previsão de Cargas'!D15+'Previsão de Cargas'!D25+'Previsão de Cargas'!D26+'Previsão de Cargas'!D18+'Previsão de Cargas'!D19 -> 1460 | J47: =SQRT(I47^2-H47^2) -> 205.95835 | K47: =IF(F47=3, I47/(SQRT(3)*B47), I47/(F47*B47)) -> 6.6363636 | L47: 1 | M47: 10 | N47: 2 | O47: 25
A48: QD4 - QUADRO DE DISTRIBUIÇÃO 4
A49: 04 - Iluminação | B49: 220 | C49: QD4 | D49: Circulação 1, Vídeo Conferência, Presidência, Diretoria Técnica, Depósito, Subestação | E49: 1.5 | F49: 1 | G49: 0.99 | H49: =I49*G49 -> 2376 | I49: ='Previsão de Cargas'!D24+'Previsão de Cargas'!D20+'Previsão de Cargas'!D21+'Previsão de Cargas'!D22+'Previsão de Cargas'!D23+'Previsão de Cargas'!D27 -> 2400 | J49: =SQRT(I49^2-H49^2) -> 338.56166 | K49: =IF(F49=3, I49/(SQRT(3)*B49), I49/(F49*B49)) -> 10.909091 | L49: 1 | M49: 16 | N49: 2 | O49: 25
A50: 09 - TUGs | B50: 220 | C50: QD4 | D50: Vídeo Conferência, Presidência | E50: 2.5 | F50: 1 | G50: 0.8 | H50: =I50*G50 -> 2080 | I50: ='Previsão de Cargas'!F20+'Previsão de Cargas'!F21 -> 2600 | J50: =SQRT(I50^2-H50^2) -> 1560 | K50: =IF(F50=3, I50/(SQRT(3)*B50), I50/(F50*B50)) -> 11.818182 | L50: 1 | M50: 16 | N50: 2 | O50: 25
A51: 28 - TUE | B51: 220 | C51: QD4 | D51: Depósito | E51: 2.5 | F51: 1 | G51: 1 | H51: =I51*G51 -> 6000 | I51: ='Previsão de Cargas'!J23/G51 -> 6000 | J51: =SQRT(I51^2-H51^2) -> 0 | K51: =IF(F51=3, I51/(SQRT(3)*B51), I51/(F51*B51)) -> 27.272727 | L51: 1 | M51: 32 | N51: 2 | O51: 40
A52: 29 - TUE | B52: 220 | C52: QD4 | D52: Subestação | E52: 2.5 | F52: 1 | G52: 1 | H52: =I52*G52 -> 6000 | I52: ='Previsão de Cargas'!J27/G52 -> 6000 | J52: =SQRT(I52^2-H52^2) -> 0 | K52: =IF(F52=3, I52/(SQRT(3)*B52), I52/(F52*B52)) -> 27.272727 | L52: 1 | M52: 32 | N52: 2 | O52: 40
A53: 35 - TUE | B53: 220 | C53: QD4 | D53: Ar Condicionado - Vídeo Conferência | E53: 2.5 | F53: 1 | G53: 0.92 | H53: =I53*G53 -> 1900 | I53: ='Previsão de Cargas'!J20/G53 -> 2065.2174 | J53: =SQRT(I53^2-H53^2) -> 809.39661 | K53: =IF(F53=3, I53/(SQRT(3)*B53), I53/(F53*B53)) -> 9.3873518 | L53: 1 | M53: 10 | N53: 2 | O53: 25
A54: 36 - TUE | B54: 220 | C54: QD4 | D54: Ar Condicionado - Presidência | E54: 2.5 | F54: 1 | G54: 0.92 | H54: =I54*G54 -> 1400 | I54: ='Previsão de Cargas'!J21/G54 -> 1521.7391 | J54: =SQRT(I54^2-H54^2) -> 596.3975 | K54: =IF(F54=3, I54/(SQRT(3)*B54), I54/(F54*B54)) -> 6.916996 | L54: 1 | M54: 10 | N54: 2 | O54: 25
A55: 37 - TUE | B55: 220 | C55: QD4 | D55: Ar Condicionado - Diretoria Técnica | E55: 2.5 | F55: 1 | G55: 0.92 | H55: =I55*G55 -> 1400 | I55: ='Previsão de Cargas'!J22/G55 -> 1521.7391 | J55: =SQRT(I55^2-H55^2) -> 596.3975 | K55: =IF(F55=3, I55/(SQRT(3)*B55), I55/(F55*B55)) -> 6.916996 | L55: 1 | M55: 10 | N55: 2 | O55: 25
A56: 41 - TUGs | B56: 220 | C56: QD4 | D56: Diretoria Técnica, Depósito, Circulação 1, Subestação | E56: 2.5 | F56: 1 | G56: 0.8 | H56: =I56*G56 -> 2640 | I56: ='Previsão de Cargas'!F22+'Previsão de Cargas'!F23+'Previsão de Cargas'!F24+'Previsão de Cargas'!F27 -> 3300 | J56: =SQRT(I56^2-H56^2) -> 1980 | K56: =IF(F56=3, I56/(SQRT(3)*B56), I56/(F56*B56)) -> 15 | L56: 1 | M56: 16 | N56: 2 | O56: 25

Sheet Capac.Cond.Corre.
A1: CRITÉRIO DA CAPACIDADE DE CONDUÇÃO DE CORRENTE
A3: Circuito N° - Tipo | B3: Origem | C3: Destino | D3: IN [A] | E3: FT (F.Temp.) | F3: N° Circ. Agrup. | G3: FA (F.Agrup.) | H3: IN' [A] | I3: Método Instala. | J3: Tipo de Isolação | K3: N° Cond. Carregados | L3: S2 - Seção (mm²)
A4: QD1 - QUADRO DE DISTRIBUIÇÃO 1
A5: 01 - Iluminação | B5: QD1 | C5: Tornear e Chanfrar, Polimento | D5: ='Divisão dos Circuitos'!K5 -> 10.84022 | E5: 1 | F5: 1 | G5: 1 | H5: =D5/(E5*G5) -> 10.84022 | I5: B2 | J5: PVC | K5: 2 | L5: 1.5
A6: 12 - TUGs | B6: QD1 | C6: Tornear e Chanfrar - Circuito 1 | D6: ='Divisão dos Circuitos'!K6 -> 10.909091 | E6: 1 | F6: 1 | G6: 1 | H6: =D6/(E6*G6) -> 10.909091 | I6: B2 | J6: PVC | K6: 2 | L6: 2.5
A7: 13 - TUGs | B7: QD1 | C7: Tornear e Chanfrar - Circuito 2 | D7: ='Divisão dos Circuitos'!K7 -> 8.1818182 | E7: 1 | F7: 1 | G7: 1 | H7: =D7/(E7*G7) -> 8.1818182 | I7: B2 | J7: PVC | K7: 2 | L7: 2.5
A8: 14 - TUGs | B8: QD1 | C8: Polimento - Circuito 1 | D8: ='Divisão dos Circuitos'!K8 -> 10.909091 | E8: 1 | F8: 1 | G8: 1 | H8: =D8/(E8*G8) -> 10.909091 | I8: B2 | J8: PVC | K8: 2 | L8: 2.5
A9: 15 - TUGs | B9: QD1 | C9: Polimento - Circuito 2 | D9: ='Divisão dos Circuitos'!K9 -> 8.1818182 | E9: 1 | F9: 1 | G9: 1 | H9: =D9/(E9*G9) -> 8.1818182 | I9: B2 | J9: PVC | K9: 2 | L9: 2.5
A10: 22 - TUGs Trifásicas | B10: QD1 | C10: Tornear e Chanfrar - Circuito 1 | D10: ='Divisão dos Circuitos'!K10 -> 18.232114 | E10: 1 | F10: 1 | G10: 1 | H10: =D10/(E10*G10) -> 18.232114 | I10: B2 | J10: PVC | K10: 3 | L10: 2.5
A11: 23 - TUGs Trifásicas | B11: QD1 | C11: Polimento - Circuito 1 | D11: ='Divisão dos Circuitos'!K11 -> 18.232114 | E11: 1 | F11: 1 | G11: 1 | H11: =D11/(E11*G11) -> 18.232114 | I11: B2 | J11: PVC | K11: 3 | L11: 2.5
A12: 38 - TUGs Trifásicas | B12: QD1 | C12: Tornear e Chanfrar - Circuito 2 | D12: ='Divisão dos Circuitos'!K12 -> 18.232114 | E12: 1 | F12: 1 | G12: 1 | H12: =D12/(E12*G12) -> 18.232114 | I12: B2 | J12: PVC | K12: 3 | L12: 2.5
A13: 39 - TUGs Trifásicas | B13: QD1 | C13: Polimento - Circuito 2 | D13: ='Divisão dos Circuitos'!K13 -> 18.232114 | E13: 1 | F13: 1 | G13: 1 | H13: =D13/(E13*G13) -> 18.232114 | I13: B2 | J13: PVC | K13: 3 | L13: 2.5
A14: 44 - TUE Bancada 1 | B14: QD1 | C14: Bancada 1 | D14: ='Divisão dos Circuitos'!K14 -> 13.636364 | E14: 1 | F14: 1 | G14: 1 | H14: =D14/(E14*G14) -> 13.636364 | I14: B2 | J14: PVC | K14: 2 | L14: 2.5
A15: 45 - TUE Bancada 2 | B15: QD1 | C15: Bancada 2 | D15: ='Divisão dos Circuitos'!K15 -> 10 | E15: 1 | F15: 1 | G15: 1 | H15: =D15/(E15*G15) -> 10 | I15: B2 | J15: PVC | K15: 2 | L15: 2.5
A16: 46 - TUE Bancada 3 | B16: QD1 | C16: Bancada 3 | D16: ='Divisão dos Circuitos'!K16 -> 9.0909091 | E16: 1 | F16: 1 | G16: 1 | H16: =D16/(E16*G16) -> 9.0909091 | I16: B2 | J16: PVC | K16: 2 | L16: 2.5
A17: 47 - TUE Bancada 4 | B17: QD1 | C17: Bancada 4 | D17: ='Divisão dos Circuitos'!K17 -> 15.454545 | E17: 1 | F17: 1 | G17: 1 | H17: =D17/(E17*G17) -> 15.454545 | I17: B2 | J17: PVC | K17: 2 | L17: 2.5
A18: QD2 - QUADRO DE DISTRIBUIÇÃO 2
A19: 02 - Iluminação | B19: QD2 | C19: Colagem e Montagem, Sistemas de Serra, BWC 1 e 2 | D19: ='Divisão dos Circuitos'!K19 -> 8.87236 | E19: 1 | F19: 3 | G19: 0.7 | H19: =D19/(E19*G19) -> 12.6748 | I19: B2 | J19: PVC | K19: 2 | L19: 1.5
A20: 05 - Iluminação | B20: QD2 | C20: Inspeção Final | D20: ='Divisão dos Circuitos'!K20 -> 7.5881543 | E20: 1 | F20: 1 | G20: 1 | H20: =D20/(E20*G20) -> 7.5881543 | I20: B2 | J20: PVC | K20: 2 | L20: 1.5
A21: 07 - TUGs | B21: QD2 | C21: Sanitários Operacionais (BWC 1 e 2) | D21: ='Divisão dos Circuitos'!K21 -> 5.4545455 | E21: 1 | F21: 3 | G21: 0.7 | H21: =D21/(E21*G21) -> 7.7922078 | I21: B1 | J21: PVC | K21: 2 | L21: 2.5
A22: 16 - TUGs | B22: QD2 | C22: Colagem e Montagem - Circuito 1 | D22: ='Divisão dos Circuitos'!K22 -> 10.909091 | E22: 1 | F22: 1 | G22: 1 | H22: =D22/(E22*G22) -> 10.909091 | I22: B2 | J22: PVC | K22: 2 | L22: 2.5
A23: 17 - TUGs | B23: QD2 | C23: Colagem e Montagem - Circuito 2 | D23: ='Divisão dos Circuitos'!K23 -> 8.1818182 | E23: 1 | F23: 1 | G23: 1 | H23: =D23/(E23*G23) -> 8.1818182 | I23: B2 | J23: PVC | K23: 2 | L23: 2.5
A24: 18 - TUGs | B24: QD2 | C24: Sistemas de Serra - Circuito 1 | D24: ='Divisão dos Circuitos'!K24 -> 10.909091 | E24: 1 | F24: 1 | G24: 1 | H24: =D24/(E24*G24) -> 10.909091 | I24: B2 | J24: PVC | K24: 2 | L24: 2.5
A25: 19 - TUGs | B25: QD2 | C25: Sistemas de Serra - Circuito 2 | D25: ='Divisão dos Circuitos'!K25 -> 8.1818182 | E25: 1 | F25: 1 | G25: 1 | H25: =D25/(E25*G25) -> 8.1818182 | I25: B2 | J25: PVC | K25: 2 | L25: 2.5
A26: 20 - TUGs | B26: QD2 | C26: Inspeção Final - Circuito 1 | D26: ='Divisão dos Circuitos'!K26 -> 8.1818182 | E26: 1 | F26: 1 | G26: 1 | H26: =D26/(E26*G26) -> 8.1818182 | I26: B2 | J26: PVC | K26: 2 | L26: 2.5
A27: 21 - TUGs | B27: QD2 | C27: Inspeção Final - Circuito 2 | D27: ='Divisão dos Circuitos'!K27 -> 8.1818182 | E27: 1 | F27: 1 | G27: 1 | H27: =D27/(E27*G27) -> 8.1818182 | I27: B2 | J27: PVC | K27: 2 | L27: 2.5
A28: 24 - TUGs Trifásicas | B28: QD2 | C28: Colagem e Montagem - Circuito 1 | D28: ='Divisão dos Circuitos'!K28 -> 18.232114 | E28: 1 | F28: 1 | G28: 1 | H28: =D28/(E28*G28) -> 18.232114 | I28: B2 | J28: PVC | K28: 3 | L28: 2.5
A29: 25 - TUGs Trifásicas | B29: QD2 | C29: Colagem e Montagem - Circuito 2 | D29: ='Divisão dos Circuitos'!K29 -> 18.232114 | E29: 1 | F29: 1 | G29: 1 | H29: =D29/(E29*G29) -> 18.232114 | I29: B2 | J29: PVC | K29: 3 | L29: 2.5
A30: 26 - TUGs Trifásicas | B30: QD2 | C30: Sistemas de Serra - Circuito 1 | D30: ='Divisão dos Circuitos'!K30 -> 18.232114 | E30: 1 | F30: 1 | G30: 1 | H30: =D30/(E30*G30) -> 18.232114 | I30: B2 | J30: PVC | K30: 3 | L30: 2.5
... A35: 49 - TUE Bancada 6 | B35: QD2 | C35: Bancada 6 | D35: ='Divisão dos Circuitos'!K35 -> 17.894737 | E35: 1 | F35: 1 | G35: 1 | H35: =D35/(E35*G35) -> 17.894737 | I35: B2 | J35: PVC | K35: 2 | L35: 2.5
A36: QD3 - QUADRO DE DISTRIBUIÇÃO 3
A37: 03 - Iluminação | B37: QD3 | C37: Sala de Estar, Reuniões, Recepção, Copa | D37: ='Divisão dos Circuitos'!K37 -> 8.9090909 | E37: 1 | F37: 3 | G37: 0.7 | H37: =D37/(E37*G37) -> 12.727273 | I37: B1 | J37: PVC | K37: 2 | L37: 1.5
A38: 06 - TUGs | B38: QD3 | C38: Copa | D38: ='Divisão dos Circuitos'!K38 -> 9.0909091 | E38: 1 | F38: 2 | G38: 0.8 | H38: =D38/(E38*G38) -> 11.363636 | I38: B1 | J38: PVC | K38: 2 | L38: 2.5
A39: 08 - TUGs | B39: QD3 | C39: Sanitários Administrativos (BWC 3 e 4) | D39: ='Divisão dos Circuitos'!K39 -> 5.4545455 | E39: 1 | F39: 3 | G39: 0.7 | H39: =D39/(E39*G39) -> 7.7922078 | I39: B1 | J39: PVC | K39: 2 | L39: 2.5
A40: 10 - TUGs | B40: QD3 | C40: Sala de Estar, Sala de Reuniões | D40: ='Divisão dos Circuitos'!K40 -> 13.181818 | E40: 1 | F40: 3 | G40: 0.7 | H40: =D40/(E40*G40) -> 18.831169 | I40: B1 | J40: PVC | K40: 2 | L40: 2.5
A41: 11 - TUGs | B41: QD3 | C41: Circulação 2 e 3 | D41: ='Divisão dos Circuitos'!K41 -> 6.3636364 | E41: 1 | F41: 3 | G41: 0.7 | H41: =D41/(E41*G41) -> 9.0909091 | I41: B1 | J41: PVC | K41: 2 | L41: 2.5
A42: 31 - TUE | B42: QD3 | C42: Secadores de Mãos - BWC 3 e 4 | D42: ='Divisão dos Circuitos'!K42 -> 13.914657 | E42: 1 | F42: 3 | G42: 0.7 | H42: =D42/(E42*G42) -> 19.878081 | I42: B1 | J42: PVC | K42: 2 | L42: 2.5
A43: 32 - TUE | B43: QD3 | C43: Ar Condicionado - Sala de Estar | D43: ='Divisão dos Circuitos'!K43 -> 9.3873518 | E43: 1 | F43: 3 | G43: 0.7 | H43: =D43/(E43*G43) -> 13.410503 | I43: B1 | J43: PVC | K43: 2 | L43: 2.5
A44: 33 - TUE | B44: QD3 | C44: Ar Condicionado - Sala de Reuniões | D44: ='Divisão dos Circuitos'!K44 -> 12.351779 | E44: 1 | F44: 3 | G44: 0.7 | H44: =D44/(E44*G44) -> 17.645398 | I44: B1 | J44: PVC | K44: 2 | L44: 2.5
A45: 34 - TUE | B45: QD3 | C45: Ar Condicionado - Recepção | D45: ='Divisão dos Circuitos'!K45 -> 6.916996 | E45: 1 | F45: 3 | G45: 0.7 | H45: =D45/(E45*G45) -> 9.8814229 | I45: B1 | J45: PVC | K45: 2 | L45: 2.5
A46: 42 - TUGs | B46: QD3 | C46: Recepção, Ante Sala | D46: ='Divisão dos Circuitos'!K46 -> 7.7272727 | E46: 1 | F46: 3 | G46: 0.7 | H46: =D46/(E46*G46) -> 11.038961 | I46: B1 | J46: PVC | K46: 2 | L46: 2.5
A47: 43 - Iluminação | B47: QD3 | C47: Ante Sala, Circulação 2, Circulação 3, BWC 3 e 4 | D47: ='Divisão dos Circuitos'!K47 -> 6.6363636 | E47: 1 | F47: 3 | G47: 0.7 | H47: =D47/(E47*G47) -> 9.4805195 | I47: B1 | J47: PVC | K47: 2 | L47: 1.5
A48: QD4 - QUADRO DE DISTRIBUIÇÃO 4
A49: 04 - Iluminação | B49: QD4 | C49: Circulação 1, Vídeo Conferência, Presidência, Diretoria Técnica, Depósito, Subestação | D49: ='Divisão dos Circuitos'!K49 -> 10.909091 | E49: 1 | F49: 3 | G49: 0.7 | H49: =D49/(E49*G49) -> 15.584416 | I49: B1 | J49: PVC | K49: 2 | L49: 2.5
A50: 09 - TUGs | B50: QD4 | C50: Vídeo Conferência, Presidência | D50: ='Divisão dos Circuitos'!K50 -> 11.818182 | E50: 1 | F50: 3 | G50: 0.7 | H50: =D50/(E50*G50) -> 16.883117 | I50: B1 | J50: PVC | K50: 2 | L50: 2.5
A51: 28 - TUE | B51: QD4 | C51: Depósito | D51: ='Divisão dos Circuitos'!K51 -> 27.272727 | E51: 1 | F51: 3 | G51: 0.7 | H51: =D51/(E51*G51) -> 38.961039 | I51: B1 | J51: PVC | K51: 2 | L51: 10
A52: 29 - TUE | B52: QD4 | C52: Subestação | D52: ='Divisão dos Circuitos'!K52 -> 27.272727 | E52: 1 | F52: 3 | G52: 0.7 | H52: =D52/(E52*G52) -> 38.961039 | I52: B1 | J52: PVC | K52: 2 | L52: 10
A53: 35 - TUE | B53: QD4 | C53: Ar Condicionado - Vídeo Conferência | D53: ='Divisão dos Circuitos'!K53 -> 9.3873518 | E53: 1 | F53: 3 | G53: 0.7 | H53: =D53/(E53*G53) -> 13.410503 | I53: B1 | J53: PVC | K53: 2 | L53: 2.5
A54: 36 - TUE | B54: QD4 | C54: Ar Condicionado - Presidência | D54: ='Divisão dos Circuitos'!K54 -> 6.916996 | E54: 1 | F54: 2 | G54: 0.8 | H54: =D54/(E54*G54) -> 8.6462451 | I54: B1 | J54: PVC | K54: 2 | L54: 2.5
A55: 37 - TUE | B55: QD4 | C55: Ar Condicionado - Diretoria Técnica | D55: ='Divisão dos Circuitos'!K55 -> 6.916996 | E55: 1 | F55: 3 | G55: 0.7 | H55: =D55/(E55*G55) -> 9.8814229 | I55: B1 | J55: PVC | K55: 2 | L55: 2.5
A56: 41 - TUGs | B56: QD4 | C56: Diretoria Técnica, Depósito, Circulação 1, Subestação | D56: ='Divisão dos Circuitos'!K56 -> 15 | E56: 1 | F56: 3 | G56: 0.7 | H56: =D56/(E56*G56) -> 21.428571 | I56: B1 | J56: PVC | K56: 2 | L56: 2.5

Sheet Queda de Tensão
A1: CRITÉRIO DE QUEDA DE TENSÃO
A3: Circuito N° - Tipo | B3: Origem | C3: Destino | D3: IN [A] | E3: VN [V] | F3: k | G3: ρ [Ω.mm²/m] | H3: L [m] | I3: Queda de tensão (Máx) [%] | J3: Seção Calculada [mm²] | K3: S3 - Seção Comercial [mm²]
A4: QD1 - QUADRO DE DISTRIBUIÇÃO 1
A5: 01 - Iluminação | B5: QD1 | C5: Tornear e Chanfrar, Polimento | D5: ='Divisão dos Circuitos'!K5 -> 10.84022 | E5: 220 | F5: 2 | G5: 0.0178 | H5: 56.1 | I5: 2.5 | J5: =(F5*G5*H5*D5*100)/(I5*E5) -> 3.9363008 | K5: =IF(J5<=1.5, 1.5, IF(J5<=2.5, 2.5, IF(J5<=4, 4, IF(J5<=6, 6, IF(J5<=10, 10, 16))))) -> 4
A6: 12 - TUGs | B6: QD1 | C6: Tornear e Chanfrar - Circuito 1 | D6: ='Divisão dos Circuitos'!K6 -> 10.909091 | E6: 220 | F6: 2 | G6: 0.0178 | H6: 27.8 | I6: 2.5 | J6: =(F6*G6*H6*D6*100)/(I6*E6) -> 1.9630017 | K6: =IF(J6<=1.5, 1.5, IF(J6<=2.5, 2.5, IF(J6<=4, 4, IF(J6<=6, 6, IF(J6<=10, 10, 16))))) -> 2.5
A7: 13 - TUGs | B7: QD1 | C7: Tornear e Chanfrar - Circuito 2 | D7: ='Divisão dos Circuitos'!K7 -> 8.1818182 | E7: 220 | F7: 2 | G7: 0.0178 | H7: 15.4 | I7: 2.5 | J7: =(F7*G7*H7*D7*100)/(I7*E7) -> 0.81556364 | K7: =IF(J7<=1.5, 1.5, IF(J7<=2.5, 2.5, IF(J7<=4, 4, IF(J7<=6, 6, IF(J7<=10, 10, 16))))) -> 1.5
A8: 14 - TUGs | B8: QD1 | C8: Polimento - Circuito 1 | D8: ='Divisão dos Circuitos'!K8 -> 10.909091 | E8: 220 | F8: 2 | G8: 0.0178 | H8: 44.5 | I8: 2.5 | J8: =(F8*G8*H8*D8*100)/(I8*E8) -> 3.1422149 | K8: =IF(J8<=1.5, 1.5, IF(J8<=2.5, 2.5, IF(J8<=4, 4, IF(J8<=6, 6, IF(J8<=10, 10, 16))))) -> 4
A9: 15 - TUGs | B9: QD1 | C9: Polimento - Circuito 2 | D9: ='Divisão dos Circuitos'!K9 -> 8.1818182 | E9: 220 | F9: 2 | G9: 0.0178 | H9: 54 | I9: 2.5 | J9: =(F9*G9*H9*D9*100)/(I9*E9) -> 2.8597686 | K9: =IF(J9<=1.5, 1.5, IF(J9<=2.5, 2.5, IF(J9<=4, 4, IF(J9<=6, 6, IF(J9<=10, 10, 16))))) -> 4
A10: 22 - TUGs Trifásicas | B10: QD1 | C10: Tornear e Chanfrar - Circuito 1 | D10: ='Divisão dos Circuitos'!K10 -> 18.232114 | E10: 380 | F10: 1.732 | G10: 0.0178 | H10: 25.7 | I10: 2.5 | J10: =(F10*G10*H10*D10*100)/(I10*E10) -> 1.5205981 | K10: =IF(J10<=1.5, 1.5, IF(J10<=2.5, 2.5, IF(J10<=4, 4, IF(J10<=6, 6, IF(J10<=10, 10, 16))))) -> 2.5
A11: 23 - TUGs Trifásicas | B11: QD1 | C11: Polimento - Circuito 1 | D11: ='Divisão dos Circuitos'!K11 -> 18.232114 | E11: 380 | F11: 1.732 | G11: 0.0178 | H11: 42.2 | I11: 2.5 | J11: =(F11*G11*H11*D11*100)/(I11*E11) -> 2.4968575 | K11: =IF(J11<=1.5, 1.5, IF(J11<=2.5, 2.5, IF(J11<=4, 4, IF(J11<=6, 6, IF(J11<=10, 10, 16))))) -> 2.5
A12: 38 - TUGs Trifásicas | B12: QD1 | C12: Tornear e Chanfrar - Circuito 2 | D12: ='Divisão dos Circuitos'!K12 -> 18.232114 | E12: 380 | F12: 1.732 | G12: 0.0178 | H12: 15 | I12: 2.5 | J12: =(F12*G12*H12*D12*100)/(I12*E12) -> 0.88750859 | K12: =IF(J12<=1.5, 1.5, IF(J12<=2.5, 2.5, IF(J12<=4, 4, IF(J12<=6, 6, IF(J12<=10, 10, 16))))) -> 1.5
A13: 39 - TUGs Trifásicas | B13: QD1 | C13: Polimento - Circuito 2 | D13: ='Divisão dos Circuitos'!K13 -> 18.232114 | E13: 380 | F13: 1.732 | G13: 0.0178 | H13: 52.5 | I13: 2.5 | J13: =(F13*G13*H13*D13*100)/(I13*E13) -> 3.1062801 | K13: =IF(J13<=1.5, 1.5, IF(J13<=2.5, 2.5, IF(J13<=4, 4, IF(J13<=6, 6, IF(J13<=10, 10, 16))))) -> 4
A14: 44 - TUE Bancada 1 | B14: QD1 | C14: Bancada 1 | D14: ='Divisão dos Circuitos'!K14 -> 13.636364 | E14: 220 | F14: 2 | G14: 0.0178 | H14: 27.7 | I14: 2.5 | J14: =(F14*G14*H14*D14*100)/(I14*E14) -> 2.4449256 | K14: =IF(J14<=1.5, 1.5, IF(J14<=2.5, 2.5, IF(J14<=4, 4, IF(J14<=6, 6, IF(J14<=10, 10, 16))))) -> 2.5
A15: 45 - TUE Bancada 2 | B15: QD1 | C15: Bancada 2 | D15: ='Divisão dos Circuitos'!K15 -> 10 | E15: 220 | F15: 2 | G15: 0.0178 | H15: 30.1 | I15: 2.5 | J15: =(F15*G15*H15*D15*100)/(I15*E15) -> 1.9482909 | K15: =IF(J15<=1.5, 1.5, IF(J15<=2.5, 2.5, IF(J15<=4, 4, IF(J15<=6, 6, IF(J15<=10, 10, 16))))) -> 2.5
A16: 46 - TUE Bancada 3 | B16: QD1 | C16: Bancada 3 | D16: ='Divisão dos Circuitos'!K16 -> 9.0909091 | E16: 220 | F16: 2 | G16: 0.0178 | H16: 34 | I16: 2.5 | J16: =(F16*G16*H16*D16*100)/(I16*E16) -> 2.0006612 | K16: =IF(J16<=1.5, 1.5, IF(J16<=2.5, 2.5, IF(J16<=4, 4, IF(J16<=6, 6, IF(J16<=10, 10, 16))))) -> 2.5
A17: 47 - TUE Bancada 4 | B17: QD1 | C17: Bancada 4 | D17: ='Divisão dos Circuitos'!K17 -> 15.454545 | E17: 220 | F17: 2 | G17: 0.0178 | H17: 35 | I17: 2.5 | J17: =(F17*G17*H17*D17*100)/(I17*E17) -> 3.501157 | K17: =IF(J17<=1.5, 1.5, IF(J17<=2.5, 2.5, IF(J17<=4, 4, IF(J17<=6, 6, IF(J17<=10, 10, 16))))) -> 4
A18: QD2 - QUADRO DE DISTRIBUIÇÃO 2
A19: 02 - Iluminação | B19: QD2 | C19: Colagem e Montagem, Sistemas de Serra, BWC 1 e 2 | D19: ='Divisão dos Circuitos'!K19 -> 8.87236 | E19: 220 | F19: 2 | G19: 0.0178 | H19: 45.1 | I19: 2.5 | J19: =(F19*G19*H19*D19*100)/(I19*E19) -> 2.5900193 | K19: =IF(J19<=1.5, 1.5, IF(J19<=2.5, 2.5, IF(J19<=4, 4, IF(J19<=6, 6, IF(J19<=10, 10, 16))))) -> 4
A20: 05 - Iluminação | B20: QD2 | C20: Inspeção Final | D20: ='Divisão dos Circuitos'!K20 -> 7.5881543 | E20: 220 | F20: 2 | G20: 0.0178 | H20: 42.9 | I20: 2.5 | J20: =(F20*G20*H20*D20*100)/(I20*E20) -> 2.1070787 | K20: =IF(J20<=1.5, 1.5, IF(J20<=2.5, 2.5, IF(J20<=4, 4, IF(J20<=6, 6, IF(J20<=10, 10, 16))))) -> 2.5
A21: 07 - TUGs | B21: QD2 | C21: Sanitários Operacionais (BWC 1 e 2) | D21: ='Divisão dos Circuitos'!K21 -> 5.4545455 | E21: 220 | F21: 2 | G21: 0.0178 | H21: 17.7 | I21: 2.5 | J21: =(F21*G21*H21*D21*100)/(I21*E21) -> 0.6249124 | K21: =IF(J21<=1.5, 1.5, IF(J21<=2.5, 2.5, IF(J21<=4, 4, IF(J21<=6, 6, IF(J21<=10, 10, 16))))) -> 1.5
A22: 16 - TUGs | B22: QD2 | C22: Colagem e Montagem - Circuito 1 | D22: ='Divisão dos Circuitos'!K22 -> 10.909091 | E22: 220 | F22: 2 | G22: 0.0178 | H22: 25.8 | I22: 2.5 | J22: =(F22*G22*H22*D22*100)/(I22*E22) -> 1.8217785 | K22: =IF(J22<=1.5, 1.5, IF(J22<=2.5, 2.5, IF(J22<=4, 4, IF(J22<=6, 6, IF(J22<=10, 10, 16))))) -> 2.5
A23: 17 - TUGs | B23: QD2 | C23: Colagem e Montagem - Circuito 2 | D23: ='Divisão dos Circuitos'!K23 -> 8.1818182 | E23: 220 | F23: 2 | G23: 0.0178 | H23: 18.5 | I23: 2.5 | J23: =(F23*G23*H23*D23*100)/(I23*E23) -> 0.97973554 | K23: =IF(J23<=1.5, 1.5, IF(J23<=2.5, 2.5, IF(J23<=4, 4, IF(J23<=6, 6, IF(J23<=10, 10, 16))))) -> 1.5
A24: 18 - TUGs | B24: QD2 | C24: Sistemas de Serra - Circuito 1 | D24: ='Divisão dos Circuitos'!K24 -> 10.909091 | E24: 220 | F24: 2 | G24: 0.0178 | H24: 42.7 | I24: 2.5 | J24: =(F24*G24*H24*D24*100)/(I24*E24) -> 3.015114 | K24: =IF(J24<=1.5, 1.5, IF(J24<=2.5, 2.5, IF(J24<=4, 4, IF(J24<=6, 6, IF(J24<=10, 10, 16))))) -> 4
A25: 19 - TUGs | B25: QD2 | C25: Sistemas de Serra - Circuito 2 | D25: ='Divisão dos Circuitos'!K25 -> 8.1818182 | E25: 220 | F25: 2 | G25: 0.0178 | H25: 39.5 | I25: 2.5 | J25: =(F25*G25*H25*D25*100)/(I25*E25) -> 2.0918678 | K25: =IF(J25<=1.5, 1.5, IF(J25<=2.5, 2.5, IF(J25<=4, 4, IF(J25<=6, 6, IF(J25<=10, 10, 16))))) -> 2.5
A26: 20 - TUGs | B26: QD2 | C26: Inspeção Final - Circuito 1 | D26: ='Divisão dos Circuitos'!K26 -> 8.1818182 | E26: 220 | F26: 2 | G26: 0.0178 | H26: 30.4 | I26: 2.5 | J26: =(F26*G26*H26*D26*100)/(I26*E26) -> 1.6099438 | K26: =IF(J26<=1.5, 1.5, IF(J26<=2.5, 2.5, IF(J26<=4, 4, IF(J26<=6, 6, IF(J26<=10, 10, 16))))) -> 2.5
A27: 21 - TUGs | B27: QD2 | C27: Inspeção Final - Circuito 2 | D27: ='Divisão dos Circuitos'!K27 -> 8.1818182 | E27: 220 | F27: 2 | G27: 0.0178 | H27: 34.4 | I27: 2.5 | J27: =(F27*G27*H27*D27*100)/(I27*E27) -> 1.8217785 | K27: =IF(J27<=1.5, 1.5, IF(J27<=2.5, 2.5, IF(J27<=4, 4, IF(J27<=6, 6, IF(J27<=10, 10, 16))))) -> 2.5
A28: 24 - TUGs Trifásicas | B28: QD2 | C28: Colagem e Montagem - Circuito 1 | D28: ='Divisão dos Circuitos'!K28 -> 18.232114 | E28: 380 | F28: 1.732 | G28: 0.0178 | H28: 23.9 | I28: 2.5 | J28: =(F28*G28*H28*D28*100)/(I28*E28) -> 1.414097 | K28: =IF(J28<=1.5, 1.5, IF(J28<=2.5, 2.5, IF(J28<=4, 4, IF(J28<=6, 6, IF(J28<=10, 10, 16))))) -> 1.5
A29: 25 - TUGs Trifásicas | B29: QD2 | C29: Colagem e Montagem - Circuito 2 | D29: ='Divisão dos Circuitos'!K29 -> 18.232114 | E29: 380 | F29: 1.732 | G29: 0.0178 | H29: 16.6 | I29: 2.5 | J29: =(F29*G29*H29*D29*100)/(I29*E29) -> 0.98217617 | K29: =IF(J29<=1.5, 1.5, IF(J29<=2.5, 2.5, IF(J29<=4, 4, IF(J29<=6, 6, IF(J29<=10, 10, 16))))) -> 1.5
A30: 26 - TUGs Trifásicas | B30: QD2 | C30: Sistemas de Serra - Circuito 1 | D30: ='Divisão dos Circuitos'!K30 -> 18.232114 | E30: 380 | F30: 1.732 | G30: 0.0178 | H30: 44.3 | I30: 2.5 | J30: =(F30*G30*H30*D30*100)/(I30*E30) -> 2.6211087 | K30: =IF(J30<=1.5, 1.5, IF(J30<=2.5, 2.5, IF(J30<=4, 4, IF(J30<=6, 6, IF(J30<=10, 10, 16))))) -> 4
... A35: 49 - TUE Bancada 6 | B35: QD2 | C35: Bancada 6 | D35: ='Divisão dos Circuitos'!K35 -> 17.894737 | E35: 380 | F35: 2 | G35: 0.0178 | H35: 36 | I35: 2.5 | J35: =(F35*G35*H35*D35*100)/(I35*E35) -> 2.4140942 | K35: =IF(J35<=1.5, 1.5, IF(J35<=2.5, 2.5, IF(J35<=4, 4, IF(J35<=6, 6, IF(J35<=10, 10, 16))))) -> 2.5
A36: QD3 - QUADRO DE DISTRIBUIÇÃO 3
A37: 03 - Iluminação | B37: QD3 | C37: Sala de Estar, Reuniões, Recepção, Copa | D37: ='Divisão dos Circuitos'!K37 -> 8.9090909 | E37: 220 | F37: 2 | G37: 0.0178 | H37: 20.1 | I37: 2.5 | J37: =(F37*G37*H37*D37*100)/(I37*E37) -> 1.1590889 | K37: =IF(J37<=1.5, 1.5, IF(J37<=2.5, 2.5, IF(J37<=4, 4, IF(J37<=6, 6, IF(J37<=10, 10, 16))))) -> 1.5
A38: 06 - TUGs | B38: QD3 | C38: Copa | D38: ='Divisão dos Circuitos'!K38 -> 9.0909091 | E38: 220 | F38: 2 | G38: 0.0178 | H38: 13.1 | I38: 2.5 | J38: =(F38*G38*H38*D38*100)/(I38*E38) -> 0.77084298 | K38: =IF(J38<=1.5, 1.5, IF(J38<=2.5, 2.5, IF(J38<=4, 4, IF(J38<=6, 6, IF(J38<=10, 10, 16))))) -> 1.5
A39: 08 - TUGs | B39: QD3 | C39: Sanitários Administrativos (BWC 3 e 4) | D39: ='Divisão dos Circuitos'!K39 -> 5.4545455 | E39: 220 | F39: 2 | G39: 0.0178 | H39: 28 | I39: 2.5 | J39: =(F39*G39*H39*D39*100)/(I39*E39) -> 0.98856198 | K39: =IF(J39<=1.5, 1.5, IF(J39<=2.5, 2.5, IF(J39<=4, 4, IF(J39<=6, 6, IF(J39<=10, 10, 16))))) -> 1.5
A40: 10 - TUGs | B40: QD3 | C40: Sala de Estar, Sala de Reuniões | D40: ='Divisão dos Circuitos'!K40 -> 13.181818 | E40: 220 | F40: 2 | G40: 0.0178 | H40: 33.2 | I40: 2.5 | J40: =(F40*G40*H40*D40*100)/(I40*E40) -> 2.8327008 | K40: =IF(J40<=1.5, 1.5, IF(J40<=2.5, 2.5, IF(J40<=4, 4, IF(J40<=6, 6, IF(J40<=10, 10, 16))))) -> 4
A41: 11 - TUGs | B41: QD3 | C41: Circulação 2 e 3 | D41: ='Divisão dos Circuitos'!K41 -> 6.3636364 | E41: 220 | F41: 2 | G41: 0.0178 | H41: 27 | I41: 2.5 | J41: =(F41*G41*H41*D41*100)/(I41*E41) -> 1.1121322 | K41: =IF(J41<=1.5, 1.5, IF(J41<=2.5, 2.5, IF(J41<=4, 4, IF(J41<=6, 6, IF(J41<=10, 10, 16))))) -> 1.5
A42: 31 - TUE | B42: QD3 | C42: Secadores de Mãos - BWC 3 e 4 | D42: ='Divisão dos Circuitos'!K42 -> 13.914657 | E42: 220 | F42: 2 | G42: 0.0178 | H42: 31.3 | I42: 2.5 | J42: =(F42*G42*H42*D42*100)/(I42*E42) -> 2.8190589 | K42: =IF(J42<=1.5, 1.5, IF(J42<=2.5, 2.5, IF(J42<=4, 4, IF(J42<=6, 6, IF(J42<=10, 10, 16))))) -> 4
A43: 32 - TUE | B43: QD3 | C43: Ar Condicionado - Sala de Estar | D43: ='Divisão dos Circuitos'!K43 -> 9.3873518 | E43: 220 | F43: 2 | G43: 0.0178 | H43: 18.6 | I43: 2.5 | J43: =(F43*G43*H43*D43*100)/(I43*E43) -> 1.1301689 | K43: =IF(J43<=1.5, 1.5, IF(J43<=2.5, 2.5, IF(J43<=4, 4, IF(J43<=6, 6, IF(J43<=10, 10, 16))))) -> 1.5
A44: 33 - TUE | B44: QD3 | C44: Ar Condicionado - Sala de Reuniões | D44: ='Divisão dos Circuitos'!K44 -> 12.351779 | E44: 220 | F44: 2 | G44: 0.0178 | H44: 22.5 | I44: 2.5 | J44: =(F44*G44*H44*D44*100)/(I44*E44) -> 1.7988681 | K44: =IF(J44<=1.5, 1.5, IF(J44<=2.5, 2.5, IF(J44<=4, 4, IF(J44<=6, 6, IF(J44<=10, 10, 16))))) -> 2.5
A45: 34 - TUE | B45: QD3 | C45: Ar Condicionado - Recepção | D45: ='Divisão dos Circuitos'!K45 -> 6.916996 | E45: 220 | F45: 2 | G45: 0.0178 | H45: 15.8 | I45: 2.5 | J45: =(F45*G45*H45*D45*100)/(I45*E45) -> 0.7073949 | K45: =IF(J45<=1.5, 1.5, IF(J45<=2.5, 2.5, IF(J45<=4, 4, IF(J45<=6, 6, IF(J45<=10, 10, 16))))) -> 1.5
A46: 42 - TUGs | B46: QD3 | C46: Recepção, Ante Sala | D46: ='Divisão dos Circuitos'!K46 -> 7.7272727 | E46: 220 | F46: 2 | G46: 0.0178 | H46: 28.8 | I46: 2.5 | J46: =(F46*G46*H46*D46*100)/(I46*E46) -> 1.440476 | K46: =IF(J46<=1.5, 1.5, IF(J46<=2.5, 2.5, IF(J46<=4, 4, IF(J46<=6, 6, IF(J46<=10, 10, 16))))) -> 1.5
A47: 43 - Iluminação | B47: QD3 | C47: Ante Sala, Circulação 2, Circulação 3, BWC 3 e 4 | D47: ='Divisão dos Circuitos'!K47 -> 6.6363636 | E47: 220 | F47: 2 | G47: 0.0178 | H47: 29.2 | I47: 2.5 | J47: =(F47*G47*H47*D47*100)/(I47*E47) -> 1.2542969 | K47: =IF(J47<=1.5, 1.5, IF(J47<=2.5, 2.5, IF(J47<=4, 4, IF(J47<=6, 6, IF(J47<=10, 10, 16))))) -> 1.5
A48: QD4 - QUADRO DE DISTRIBUIÇÃO 4
A49: 04 - Iluminação | B49: QD4 | C49: Circulação 1, Vídeo Conferência, Presidência, Diretoria Técnica, Depósito, Subestação | D49: ='Divisão dos Circuitos'!K49 -> 10.909091 | E49: 220 | F49: 2 | G49: 0.0178 | H49: 19.4 | I49: 2.5 | J49: =(F49*G49*H49*D49*100)/(I49*E49) -> 1.3698645 | K49: =IF(J49<=1.5, 1.5, IF(J49<=2.5, 2.5, IF(J49<=4, 4, IF(J49<=6, 6, IF(J49<=10, 10, 16))))) -> 1.5
A50: 09 - TUGs | B50: QD4 | C50: Vídeo Conferência, Presidência | D50: ='Divisão dos Circuitos'!K50 -> 11.818182 | E50: 220 | F50: 2 | G50: 0.0178 | H50: 27.2 | I50: 2.5 | J50: =(F50*G50*H50*D50*100)/(I50*E50) -> 2.0806876 | K50: =IF(J50<=1.5, 1.5, IF(J50<=2.5, 2.5, IF(J50<=4, 4, IF(J50<=6, 6, IF(J50<=10, 10, 16))))) -> 2.5
A51: 28 - TUE | B51: QD4 | C51: Depósito | D51: ='Divisão dos Circuitos'!K51 -> 27.272727 | E51: 220 | F51: 2 | G51: 0.0178 | H51: 8.8 | I51: 2.5 | J51: =(F51*G51*H51*D51*100)/(I51*E51) -> 1.5534545 | K51: =IF(J51<=1.5, 1.5, IF(J51<=2.5, 2.5, IF(J51<=4, 4, IF(J51<=6, 6, IF(J51<=10, 10, 16))))) -> 2.5
A52: 29 - TUE | B52: QD4 | C52: Subestação | D52: ='Divisão dos Circuitos'!K52 -> 27.272727 | E52: 220 | F52: 2 | G52: 0.0178 | H52: 15.8 | I52: 2.5 | J52: =(F52*G52*H52*D52*100)/(I52*E52) -> 2.789157 | K52: =IF(J52<=1.5, 1.5, IF(J52<=2.5, 2.5, IF(J52<=4, 4, IF(J52<=6, 6, IF(J52<=10, 10, 16))))) -> 4
A53: 35 - TUE | B53: QD4 | C53: Ar Condicionado - Vídeo Conferência | D53: ='Divisão dos Circuitos'!K53 -> 9.3873518 | E53: 220 | F53: 2 | G53: 0.0178 | H53: 15.5 | I53: 2.5 | J53: =(F53*G53*H53*D53*100)/(I53*E53) -> 0.9418074 | K53: =IF(J53<=1.5, 1.5, IF(J53<=2.5, 2.5, IF(J53<=4, 4, IF(J53<=6, 6, IF(J53<=10, 10, 16))))) -> 1.5
A54: 36 - TUE | B54: QD4 | C54: Ar Condicionado - Presidência | D54: ='Divisão dos Circuitos'!K54 -> 6.916996 | E54: 220 | F54: 2 | G54: 0.0178 | H54: 16.8 | I54: 2.5 | J54: =(F54*G54*H54*D54*100)/(I54*E54) -> 0.75216673 | K54: =IF(J54<=1.5, 1.5, IF(J54<=2.5, 2.5, IF(J54<=4, 4, IF(J54<=6, 6, IF(J54<=10, 10, 16))))) -> 1.5
A55: 37 - TUE | B55: QD4 | C55: Ar Condicionado - Diretoria Técnica | D55: ='Divisão dos Circuitos'!K55 -> 6.916996 | E55: 220 | F55: 2 | G55: 0.0178 | H55: 7 | I55: 2.5 | J55: =(F55*G55*H55*D55*100)/(I55*E55) -> 0.3134028 | K55: =IF(J55<=1.5, 1.5, IF(J55<=2.5, 2.5, IF(J55<=4, 4, IF(J55<=6, 6, IF(J55<=10, 10, 16))))) -> 1.5
A56: 41 - TUGs | B56: QD4 | C56: Diretoria Técnica, Depósito, Circulação 1, Subestação | D56: ='Divisão dos Circuitos'!K56 -> 15 | E56: 220 | F56: 2 | G56: 0.0178 | H56: 24.8 | I56: 2.5 | J56: =(F56*G56*H56*D56*100)/(I56*E56) -> 2.4078545 | K56: =IF(J56<=1.5, 1.5, IF(J56<=2.5, 2.5, IF(J56<=4, 4, IF(J56<=6, 6, IF(J56<=10, 10, 16))))) -> 2.5
A58: ALIMENTADORES QGBT → QDs (queda máxima 2,0% - item p da Tarefa; fator de demanda 1; reserva conforme Tabela 59 da NBR 5410, considerada no alimentador)
A59: Alimentador | B59: Origem | C59: Destino | D59: IN = maior fase + reserva por fase [A] | E59: VN [V] | F59: k | G59: ρ [Ω.mm²/m] | H59: L [m] | I59: Queda máx. [%] | J59: Seção calculada [mm²] | K59: Seção adotada (fase e neutro) [mm²] | L59: ΔV com seção adotada [%] | M59: Disjuntor geral [A] | N59: Iz método E, 3 cond. [A] | O59: Condutor de proteção [mm²] | P59: Instalação | Q59: Nº de circuitos | R59: Reservas (Tab. 59) | S59: Corrente média de 1 circuito monofásico [A] | T59: Acréscimo de reserva por fase [A] | U59: Maior fase sem reserva [A]
A60: Alim. QD1 | B60: QGBT | C60: QD1 | D60: =U60+T60 -> 120.96539 | E60: 380 | F60: =SQRT(3) -> 1.7320508 | G60: 0.0178 | H60: 61.3 | I60: 2 | J60: =F60*G60*H60*D60*100/(I60*E60) -> 30.080749 | K60: 35 | L60: =F60*G60*H60*D60*100/(K60*E60) -> 1.7188999 | M60: 125 | N60: 126 | O60: 16 | P60: Cabo multipolar 0,6/1 kV em leito | Q60: =COUNTA('Quadro de Cargas'!A6:A18) -> 13 | R60: =IF(Q60<=6,2,IF(Q60<=12,3,IF(Q60<=30,4,ROUNDUP(0.15*Q60,0)))) -> 4 | S60: =AVERAGEIFS('Quadro de Cargas'!I6:I18,'Quadro de Cargas'!H6:H18,"Monofásico") -> 10.800429 | T60: =R60*S60/3 -> 14.400571 | U60: =MAX('Quadro de Cargas'!S19:U19) -> 106.56482
A61: Alim. QD2 | B61: QGBT | C61: QD2 | D61: =U61+T61 -> 161.92454 | E61: 380 | F61: =SQRT(3) -> 1.7320508 | G61: 0.0178 | H61: 36.3 | I61: 2 | J61: =F61*G61*H61*D61*100/(I61*E61) -> 23.844397 | K61: 95 | L61: =F61*G61*H61*D61*100/(K61*E61) -> 0.50198731 | M61: 200 | N61: 238 | O61: 50 | P61: Cabo multipolar 0,6/1 kV em leito | Q61: =COUNTA('Quadro de Cargas'!A21:A37) -> 17 | R61: =IF(Q61<=6,2,IF(Q61<=12,3,IF(Q61<=30,4,ROUNDUP(0.15*Q61,0)))) -> 4 | S61: =AVERAGEIFS('Quadro de Cargas'!I21:I37,'Quadro de Cargas'!H21:H37,"Monofásico") -> 9.3729494 | T61: =R61*S61/3 -> 12.497266 | U61: =MAX('Quadro de Cargas'!S38:U38) -> 149.42728
A62: Alim. QD3 | B62: QGBT | C62: QD3 | D62: =U62+T62 -> 42.545059 | E62: 380 | F62: =SQRT(3) -> 1.7320508 | G62: 0.0178 | H62: 25.1 | I62: 2 | J62: =F62*G62*H62*D62*100/(I62*E62) -> 4.3320143 | K62: 10 | L62: =F62*G62*H62*D62*100/(K62*E62) -> 0.86640287 | M62: 50 | N62: 60 | O62: 10 | P62: Eletroduto embutido Ø1" | Q62: =COUNTA('Quadro de Cargas'!A40:A50) -> 11 | R62: =IF(Q62<=6,2,IF(Q62<=12,3,IF(Q62<=30,4,ROUNDUP(0.15*Q62,0)))) -> 3 | S62: =AVERAGEIFS('Quadro de Cargas'!I40:I50,'Quadro de Cargas'!H40:H50,"Monofásico") -> 9.0849472 | T62: =R62*S62/3 -> 9.0849472 | U62: =MAX('Quadro de Cargas'!S51:U51) -> 33.460111
A63: Alim. QD4 | B63: QGBT | C63: QD4 | D63: =U63+T63 -> 53.527668 | E63: 380 | F63: =SQRT(3) -> 1.7320508 | G63: 0.0178 | H63: 15.9 | I63: 2 | J63: =F63*G63*H63*D63*100/(I63*E63) -> 3.4525699 | K63: 16 | L63: =F63*G63*H63*D63*100/(K63*E63) -> 0.43157124 | M63: 63 | N63: 80 | O63: 16 | P63: Eletroduto embutido Ø1.1/4" | Q63: =COUNTA('Quadro de Cargas'!A53:A60) -> 8 | R63: =IF(Q63<=6,2,IF(Q63<=12,3,IF(Q63<=30,4,ROUNDUP(0.15*Q63,0)))) -> 3 | S63: =AVERAGEIFS('Quadro de Cargas'!I53:I60,'Quadro de Cargas'!H53:H60,"Monofásico") -> 14.436759 | T63: =R63*S63/3 -> 14.436759 | U63: =MAX('Quadro de Cargas'!S61:U61) -> 39.090909
A65: Critérios: disjuntor geral ≥ IN; Iz (catálogo, método E, PVC 70 °C, 3 condutores carregados) ≥ disjuntor; seção mínima do alimentador 10 mm² (slide de QDs); ΔV ≤ 2%; proteção conforme NBR 5410 (S ≤ 16: igual à fase; 16 < S ≤ 35: 16 mm²; S > 35: S/2). Reserva: nº de circuitos pela Tabela 59 (slide de DPS/Quadro de Cargas), cada um estimado com a corrente média dos circuitos monofásicos do quadro e distribuído igualmente entre as fases. Comprimentos medidos pelo trajeto na planta (leitos da fábrica para QD1/QD2; laje para QD3/QD4), com subidas e descidas.

Sheet Sobrecarga
A1: CRITÉRIO DE SOBRECARGA
A3: Circuito N° - Tipo | B3: Origem | C3: Destino | D3: IN [A] | E3: ID [A] | F3: Temp. Ambiente | G3: ID' [A] | H3: Seção do Condutor (máxima) | I3: Método Instala. | J3: Tipo de Isolação | K3: N° Cond. Carregados | L3: IZ [A] | M3: FT (F.Temp.) | N3: FA (F.Agrup.) | O3: IZ' [A] | P3: Condutor Adequado (IZ'>ID') | Q3: SF - Seção Final [mm²]
A4: QD1 - QUADRO DE DISTRIBUIÇÃO 1
A5: 01 - Iluminação | B5: QD1 | C5: Tornear e Chanfrar, Polimento | D5: ='Divisão dos Circuitos'!K5 -> 10.84022 | E5: ='Divisão dos Circuitos'!M5 -> 16 | F5: 30 | G5: =E5 -> 16 | H5: =MAX('Divisão dos Circuitos'!E5, 'Capac.Cond.Corre.'!L5, 'Queda de Tensão'!K5) -> 4 | I5: ='Capac.Cond.Corre.'!I5 -> B2 | J5: ='Capac.Cond.Corre.'!J5 -> PVC | K5: ='Capac.Cond.Corre.'!K5 -> 2 | L5: 30 | M5: 1 | N5: ='Capac.Cond.Corre.'!G5 -> 1 | O5: =L5*M5*N5 -> 30 | P5: =IF(O5>=E5, "SIM", "NÃO") -> SIM | Q5: =IF(P5="SIM", H5, IF(H5=1.5, 2.5, IF(H5=2.5, 4, 6))) -> 4
A6: 12 - TUGs | B6: QD1 | C6: Tornear e Chanfrar - Circuito 1 | D6: ='Divisão dos Circuitos'!K6 -> 10.909091 | E6: ='Divisão dos Circuitos'!M6 -> 16 | F6: 30 | G6: =E6 -> 16 | H6: =MAX('Divisão dos Circuitos'!E6, 'Capac.Cond.Corre.'!L6, 'Queda de Tensão'!K6) -> 2.5 | I6: ='Capac.Cond.Corre.'!I6 -> B2 | J6: ='Capac.Cond.Corre.'!J6 -> PVC | K6: ='Capac.Cond.Corre.'!K6 -> 2 | L6: 23 | M6: 1 | N6: ='Capac.Cond.Corre.'!G6 -> 1 | O6: =L6*M6*N6 -> 23 | P6: =IF(O6>=E6, "SIM", "NÃO") -> SIM | Q6: =IF(P6="SIM", H6, IF(H6=1.5, 2.5, IF(H6=2.5, 4, 6))) -> 2.5
A7: 13 - TUGs | B7: QD1 | C7: Tornear e Chanfrar - Circuito 2 | D7: ='Divisão dos Circuitos'!K7 -> 8.1818182 | E7: ='Divisão dos Circuitos'!M7 -> 10 | F7: 30 | G7: =E7 -> 10 | H7: =MAX('Divisão dos Circuitos'!E7, 'Capac.Cond.Corre.'!L7, 'Queda de Tensão'!K7) -> 2.5 | I7: ='Capac.Cond.Corre.'!I7 -> B2 | J7: ='Capac.Cond.Corre.'!J7 -> PVC | K7: ='Capac.Cond.Corre.'!K7 -> 2 | L7: 23 | M7: 1 | N7: ='Capac.Cond.Corre.'!G7 -> 1 | O7: =L7*M7*N7 -> 23 | P7: =IF(O7>=E7, "SIM", "NÃO") -> SIM | Q7: =IF(P7="SIM", H7, IF(H7=1.5, 2.5, IF(H7=2.5, 4, 6))) -> 2.5
A8: 14 - TUGs | B8: QD1 | C8: Polimento - Circuito 1 | D8: ='Divisão dos Circuitos'!K8 -> 10.909091 | E8: ='Divisão dos Circuitos'!M8 -> 16 | F8: 30 | G8: =E8 -> 16 | H8: =MAX('Divisão dos Circuitos'!E8, 'Capac.Cond.Corre.'!L8, 'Queda de Tensão'!K8) -> 4 | I8: ='Capac.Cond.Corre.'!I8 -> B2 | J8: ='Capac.Cond.Corre.'!J8 -> PVC | K8: ='Capac.Cond.Corre.'!K8 -> 2 | L8: 30 | M8: 1 | N8: ='Capac.Cond.Corre.'!G8 -> 1 | O8: =L8*M8*N8 -> 30 | P8: =IF(O8>=E8, "SIM", "NÃO") -> SIM | Q8: =IF(P8="SIM", H8, IF(H8=1.5, 2.5, IF(H8=2.5, 4, 6))) -> 4
A9: 15 - TUGs | B9: QD1 | C9: Polimento - Circuito 2 | D9: ='Divisão dos Circuitos'!K9 -> 8.1818182 | E9: ='Divisão dos Circuitos'!M9 -> 10 | F9: 30 | G9: =E9 -> 10 | H9: =MAX('Divisão dos Circuitos'!E9, 'Capac.Cond.Corre.'!L9, 'Queda de Tensão'!K9) -> 4 | I9: ='Capac.Cond.Corre.'!I9 -> B2 | J9: ='Capac.Cond.Corre.'!J9 -> PVC | K9: ='Capac.Cond.Corre.'!K9 -> 2 | L9: 30 | M9: 1 | N9: ='Capac.Cond.Corre.'!G9 -> 1 | O9: =L9*M9*N9 -> 30 | P9: =IF(O9>=E9, "SIM", "NÃO") -> SIM | Q9: =IF(P9="SIM", H9, IF(H9=1.5, 2.5, IF(H9=2.5, 4, 6))) -> 4
A10: 22 - TUGs Trifásicas | B10: QD1 | C10: Tornear e Chanfrar - Circuito 1 | D10: ='Divisão dos Circuitos'!K10 -> 18.232114 | E10: ='Divisão dos Circuitos'!M10 -> 20 | F10: 30 | G10: =E10 -> 20 | H10: =MAX('Divisão dos Circuitos'!E10, 'Capac.Cond.Corre.'!L10, 'Queda de Tensão'!K10) -> 2.5 | I10: ='Capac.Cond.Corre.'!I10 -> B2 | J10: ='Capac.Cond.Corre.'!J10 -> PVC | K10: ='Capac.Cond.Corre.'!K10 -> 3 | L10: 20 | M10: 1 | N10: ='Capac.Cond.Corre.'!G10 -> 1 | O10: =L10*M10*N10 -> 20 | P10: =IF(O10>=E10, "SIM", "NÃO") -> SIM | Q10: =IF(P10="SIM", H10, IF(H10=1.5, 2.5, IF(H10=2.5, 4, 6))) -> 2.5
A11: 23 - TUGs Trifásicas | B11: QD1 | C11: Polimento - Circuito 1 | D11: ='Divisão dos Circuitos'!K11 -> 18.232114 | E11: ='Divisão dos Circuitos'!M11 -> 20 | F11: 30 | G11: =E11 -> 20 | H11: =MAX('Divisão dos Circuitos'!E11, 'Capac.Cond.Corre.'!L11, 'Queda de Tensão'!K11) -> 2.5 | I11: ='Capac.Cond.Corre.'!I11 -> B2 | J11: ='Capac.Cond.Corre.'!J11 -> PVC | K11: ='Capac.Cond.Corre.'!K11 -> 3 | L11: 20 | M11: 1 | N11: ='Capac.Cond.Corre.'!G11 -> 1 | O11: =L11*M11*N11 -> 20 | P11: =IF(O11>=E11, "SIM", "NÃO") -> SIM | Q11: =IF(P11="SIM", H11, IF(H11=1.5, 2.5, IF(H11=2.5, 4, 6))) -> 2.5
A12: 38 - TUGs Trifásicas | B12: QD1 | C12: Tornear e Chanfrar - Circuito 2 | D12: ='Divisão dos Circuitos'!K12 -> 18.232114 | E12: ='Divisão dos Circuitos'!M12 -> 20 | F12: 30 | G12: =E12 -> 20 | H12: =MAX('Divisão dos Circuitos'!E12, 'Capac.Cond.Corre.'!L12, 'Queda de Tensão'!K12) -> 2.5 | I12: ='Capac.Cond.Corre.'!I12 -> B2 | J12: ='Capac.Cond.Corre.'!J12 -> PVC | K12: ='Capac.Cond.Corre.'!K12 -> 3 | L12: 20 | M12: 1 | N12: ='Capac.Cond.Corre.'!G12 -> 1 | O12: =L12*M12*N12 -> 20 | P12: =IF(O12>=E12, "SIM", "NÃO") -> SIM | Q12: =IF(P12="SIM", H12, IF(H12=1.5, 2.5, IF(H12=2.5, 4, 6))) -> 2.5
A13: 39 - TUGs Trifásicas | B13: QD1 | C13: Polimento - Circuito 2 | D13: ='Divisão dos Circuitos'!K13 -> 18.232114 | E13: ='Divisão dos Circuitos'!M13 -> 20 | F13: 30 | G13: =E13 -> 20 | H13: =MAX('Divisão dos Circuitos'!E13, 'Capac.Cond.Corre.'!L13, 'Queda de Tensão'!K13) -> 4 | I13: ='Capac.Cond.Corre.'!I13 -> B2 | J13: ='Capac.Cond.Corre.'!J13 -> PVC | K13: ='Capac.Cond.Corre.'!K13 -> 3 | L13: 27 | M13: 1 | N13: ='Capac.Cond.Corre.'!G13 -> 1 | O13: =L13*M13*N13 -> 27 | P13: =IF(O13>=E13, "SIM", "NÃO") -> SIM | Q13: =IF(P13="SIM", H13, IF(H13=1.5, 2.5, IF(H13=2.5, 4, 6))) -> 4
A14: 44 - TUE Bancada 1 | B14: QD1 | C14: Bancada 1 | D14: ='Divisão dos Circuitos'!K14 -> 13.636364 | E14: ='Divisão dos Circuitos'!M14 -> 16 | F14: 30 | G14: =E14 -> 16 | H14: =MAX('Divisão dos Circuitos'!E14, 'Capac.Cond.Corre.'!L14, 'Queda de Tensão'!K14) -> 2.5 | I14: ='Capac.Cond.Corre.'!I14 -> B2 | J14: ='Capac.Cond.Corre.'!J14 -> PVC | K14: ='Capac.Cond.Corre.'!K14 -> 2 | L14: 23 | M14: 1 | N14: ='Capac.Cond.Corre.'!G14 -> 1 | O14: =L14*M14*N14 -> 23 | P14: =IF(O14>=E14, "SIM", "NÃO") -> SIM | Q14: =IF(P14="SIM", H14, IF(H14=1.5, 2.5, IF(H14=2.5, 4, 6))) -> 2.5
A15: 45 - TUE Bancada 2 | B15: QD1 | C15: Bancada 2 | D15: ='Divisão dos Circuitos'!K15 -> 10 | E15: ='Divisão dos Circuitos'!M15 -> 16 | F15: 30 | G15: =E15 -> 16 | H15: =MAX('Divisão dos Circuitos'!E15, 'Capac.Cond.Corre.'!L15, 'Queda de Tensão'!K15) -> 2.5 | I15: ='Capac.Cond.Corre.'!I15 -> B2 | J15: ='Capac.Cond.Corre.'!J15 -> PVC | K15: ='Capac.Cond.Corre.'!K15 -> 2 | L15: 23 | M15: 1 | N15: ='Capac.Cond.Corre.'!G15 -> 1 | O15: =L15*M15*N15 -> 23 | P15: =IF(O15>=E15, "SIM", "NÃO") -> SIM | Q15: =IF(P15="SIM", H15, IF(H15=1.5, 2.5, IF(H15=2.5, 4, 6))) -> 2.5
A16: 46 - TUE Bancada 3 | B16: QD1 | C16: Bancada 3 | D16: ='Divisão dos Circuitos'!K16 -> 9.0909091 | E16: ='Divisão dos Circuitos'!M16 -> 10 | F16: 30 | G16: =E16 -> 10 | H16: =MAX('Divisão dos Circuitos'!E16, 'Capac.Cond.Corre.'!L16, 'Queda de Tensão'!K16) -> 2.5 | I16: ='Capac.Cond.Corre.'!I16 -> B2 | J16: ='Capac.Cond.Corre.'!J16 -> PVC | K16: ='Capac.Cond.Corre.'!K16 -> 2 | L16: 23 | M16: 1 | N16: ='Capac.Cond.Corre.'!G16 -> 1 | O16: =L16*M16*N16 -> 23 | P16: =IF(O16>=E16, "SIM", "NÃO") -> SIM | Q16: =IF(P16="SIM", H16, IF(H16=1.5, 2.5, IF(H16=2.5, 4, 6))) -> 2.5
A17: 47 - TUE Bancada 4 | B17: QD1 | C17: Bancada 4 | D17: ='Divisão dos Circuitos'!K17 -> 15.454545 | E17: ='Divisão dos Circuitos'!M17 -> 16 | F17: 30 | G17: =E17 -> 16 | H17: =MAX('Divisão dos Circuitos'!E17, 'Capac.Cond.Corre.'!L17, 'Queda de Tensão'!K17) -> 4 | I17: ='Capac.Cond.Corre.'!I17 -> B2 | J17: ='Capac.Cond.Corre.'!J17 -> PVC | K17: ='Capac.Cond.Corre.'!K17 -> 2 | L17: 30 | M17: 1 | N17: ='Capac.Cond.Corre.'!G17 -> 1 | O17: =L17*M17*N17 -> 30 | P17: =IF(O17>=E17, "SIM", "NÃO") -> SIM | Q17: =IF(P17="SIM", H17, IF(H17=1.5, 2.5, IF(H17=2.5, 4, 6))) -> 4
A18: QD2 - QUADRO DE DISTRIBUIÇÃO 2
A19: 02 - Iluminação | B19: QD2 | C19: Colagem e Montagem, Sistemas de Serra, BWC 1 e 2 | D19: ='Divisão dos Circuitos'!K19 -> 8.87236 | E19: ='Divisão dos Circuitos'!M19 -> 10 | F19: 30 | G19: =E19 -> 10 | H19: =MAX('Divisão dos Circuitos'!E19, 'Capac.Cond.Corre.'!L19, 'Queda de Tensão'!K19) -> 4 | I19: ='Capac.Cond.Corre.'!I19 -> B2 | J19: ='Capac.Cond.Corre.'!J19 -> PVC | K19: ='Capac.Cond.Corre.'!K19 -> 2 | L19: 30 | M19: 1 | N19: ='Capac.Cond.Corre.'!G19 -> 0.7 | O19: =L19*M19*N19 -> 21 | P19: =IF(O19>=E19, "SIM", "NÃO") -> SIM | Q19: =IF(P19="SIM", H19, IF(H19=1.5, 2.5, IF(H19=2.5, 4, 6))) -> 4
A20: 05 - Iluminação | B20: QD2 | C20: Inspeção Final | D20: ='Divisão dos Circuitos'!K20 -> 7.5881543 | E20: ='Divisão dos Circuitos'!M20 -> 10 | F20: 30 | G20: =E20 -> 10 | H20: =MAX('Divisão dos Circuitos'!E20, 'Capac.Cond.Corre.'!L20, 'Queda de Tensão'!K20) -> 2.5 | I20: ='Capac.Cond.Corre.'!I20 -> B2 | J20: ='Capac.Cond.Corre.'!J20 -> PVC | K20: ='Capac.Cond.Corre.'!K20 -> 2 | L20: 23 | M20: 1 | N20: ='Capac.Cond.Corre.'!G20 -> 1 | O20: =L20*M20*N20 -> 23 | P20: =IF(O20>=E20, "SIM", "NÃO") -> SIM | Q20: =IF(P20="SIM", H20, IF(H20=1.5, 2.5, IF(H20=2.5, 4, 6))) -> 2.5
A21: 07 - TUGs | B21: QD2 | C21: Sanitários Operacionais (BWC 1 e 2) | D21: ='Divisão dos Circuitos'!K21 -> 5.4545455 | E21: ='Divisão dos Circuitos'!M21 -> 10 | F21: 30 | G21: =E21 -> 10 | H21: =MAX('Divisão dos Circuitos'!E21, 'Capac.Cond.Corre.'!L21, 'Queda de Tensão'!K21) -> 2.5 | I21: ='Capac.Cond.Corre.'!I21 -> B1 | J21: ='Capac.Cond.Corre.'!J21 -> PVC | K21: ='Capac.Cond.Corre.'!K21 -> 2 | L21: 24 | M21: 1 | N21: ='Capac.Cond.Corre.'!G21 -> 0.7 | O21: =L21*M21*N21 -> 16.8 | P21: =IF(O21>=E21, "SIM", "NÃO") -> SIM | Q21: =IF(P21="SIM", H21, IF(H21=1.5, 2.5, IF(H21=2.5, 4, 6))) -> 2.5
A22: 16 - TUGs | B22: QD2 | C22: Colagem e Montagem - Circuito 1 | D22: ='Divisão dos Circuitos'!K22 -> 10.909091 | E22: ='Divisão dos Circuitos'!M22 -> 16 | F22: 30 | G22: =E22 -> 16 | H22: =MAX('Divisão dos Circuitos'!E22, 'Capac.Cond.Corre.'!L22, 'Queda de Tensão'!K22) -> 2.5 | I22: ='Capac.Cond.Corre.'!I22 -> B2 | J22: ='Capac.Cond.Corre.'!J22 -> PVC | K22: ='Capac.Cond.Corre.'!K22 -> 2 | L22: 23 | M22: 1 | N22: ='Capac.Cond.Corre.'!G22 -> 1 | O22: =L22*M22*N22 -> 23 | P22: =IF(O22>=E22, "SIM", "NÃO") -> SIM | Q22: =IF(P22="SIM", H22, IF(H22=1.5, 2.5, IF(H22=2.5, 4, 6))) -> 2.5
A23: 17 - TUGs | B23: QD2 | C23: Colagem e Montagem - Circuito 2 | D23: ='Divisão dos Circuitos'!K23 -> 8.1818182 | E23: ='Divisão dos Circuitos'!M23 -> 10 | F23: 30 | G23: =E23 -> 10 | H23: =MAX('Divisão dos Circuitos'!E23, 'Capac.Cond.Corre.'!L23, 'Queda de Tensão'!K23) -> 2.5 | I23: ='Capac.Cond.Corre.'!I23 -> B2 | J23: ='Capac.Cond.Corre.'!J23 -> PVC | K23: ='Capac.Cond.Corre.'!K23 -> 2 | L23: 23 | M23: 1 | N23: ='Capac.Cond.Corre.'!G23 -> 1 | O23: =L23*M23*N23 -> 23 | P23: =IF(O23>=E23, "SIM", "NÃO") -> SIM | Q23: =IF(P23="SIM", H23, IF(H23=1.5, 2.5, IF(H23=2.5, 4, 6))) -> 2.5
A24: 18 - TUGs | B24: QD2 | C24: Sistemas de Serra - Circuito 1 | D24: ='Divisão dos Circuitos'!K24 -> 10.909091 | E24: ='Divisão dos Circuitos'!M24 -> 16 | F24: 30 | G24: =E24 -> 16 | H24: =MAX('Divisão dos Circuitos'!E24, 'Capac.Cond.Corre.'!L24, 'Queda de Tensão'!K24) -> 4 | I24: ='Capac.Cond.Corre.'!I24 -> B2 | J24: ='Capac.Cond.Corre.'!J24 -> PVC | K24: ='Capac.Cond.Corre.'!K24 -> 2 | L24: 30 | M24: 1 | N24: ='Capac.Cond.Corre.'!G24 -> 1 | O24: =L24*M24*N24 -> 30 | P24: =IF(O24>=E24, "SIM", "NÃO") -> SIM | Q24: =IF(P24="SIM", H24, IF(H24=1.5, 2.5, IF(H24=2.5, 4, 6))) -> 4
A25: 19 - TUGs | B25: QD2 | C25: Sistemas de Serra - Circuito 2 | D25: ='Divisão dos Circuitos'!K25 -> 8.1818182 | E25: ='Divisão dos Circuitos'!M25 -> 10 | F25: 30 | G25: =E25 -> 10 | H25: =MAX('Divisão dos Circuitos'!E25, 'Capac.Cond.Corre.'!L25, 'Queda de Tensão'!K25) -> 2.5 | I25: ='Capac.Cond.Corre.'!I25 -> B2 | J25: ='Capac.Cond.Corre.'!J25 -> PVC | K25: ='Capac.Cond.Corre.'!K25 -> 2 | L25: 23 | M25: 1 | N25: ='Capac.Cond.Corre.'!G25 -> 1 | O25: =L25*M25*N25 -> 23 | P25: =IF(O25>=E25, "SIM", "NÃO") -> SIM | Q25: =IF(P25="SIM", H25, IF(H25=1.5, 2.5, IF(H25=2.5, 4, 6))) -> 2.5
A26: 20 - TUGs | B26: QD2 | C26: Inspeção Final - Circuito 1 | D26: ='Divisão dos Circuitos'!K26 -> 8.1818182 | E26: ='Divisão dos Circuitos'!M26 -> 10 | F26: 30 | G26: =E26 -> 10 | H26: =MAX('Divisão dos Circuitos'!E26, 'Capac.Cond.Corre.'!L26, 'Queda de Tensão'!K26) -> 2.5 | I26: ='Capac.Cond.Corre.'!I26 -> B2 | J26: ='Capac.Cond.Corre.'!J26 -> PVC | K26: ='Capac.Cond.Corre.'!K26 -> 2 | L26: 23 | M26: 1 | N26: ='Capac.Cond.Corre.'!G26 -> 1 | O26: =L26*M26*N26 -> 23 | P26: =IF(O26>=E26, "SIM", "NÃO") -> SIM | Q26: =IF(P26="SIM", H26, IF(H26=1.5, 2.5, IF(H26=2.5, 4, 6))) -> 2.5
A27: 21 - TUGs | B27: QD2 | C27: Inspeção Final - Circuito 2 | D27: ='Divisão dos Circuitos'!K27 -> 8.1818182 | E27: ='Divisão dos Circuitos'!M27 -> 10 | F27: 30 | G27: =E27 -> 10 | H27: =MAX('Divisão dos Circuitos'!E27, 'Capac.Cond.Corre.'!L27, 'Queda de Tensão'!K27) -> 2.5 | I27: ='Capac.Cond.Corre.'!I27 -> B2 | J27: ='Capac.Cond.Corre.'!J27 -> PVC | K27: ='Capac.Cond.Corre.'!K27 -> 2 | L27: 23 | M27: 1 | N27: ='Capac.Cond.Corre.'!G27 -> 1 | O27: =L27*M27*N27 -> 23 | P27: =IF(O27>=E27, "SIM", "NÃO") -> SIM | Q27: =IF(P27="SIM", H27, IF(H27=1.5, 2.5, IF(H27=2.5, 4, 6))) -> 2.5
A28: 24 - TUGs Trifásicas | B28: QD2 | C28: Colagem e Montagem - Circuito 1 | D28: ='Divisão dos Circuitos'!K28 -> 18.232114 | E28: ='Divisão dos Circuitos'!M28 -> 20 | F28: 30 | G28: =E28 -> 20 | H28: =MAX('Divisão dos Circuitos'!E28, 'Capac.Cond.Corre.'!L28, 'Queda de Tensão'!K28) -> 2.5 | I28: ='Capac.Cond.Corre.'!I28 -> B2 | J28: ='Capac.Cond.Corre.'!J28 -> PVC | K28: ='Capac.Cond.Corre.'!K28 -> 3 | L28: 20 | M28: 1 | N28: ='Capac.Cond.Corre.'!G28 -> 1 | O28: =L28*M28*N28 -> 20 | P28: =IF(O28>=E28, "SIM", "NÃO") -> SIM | Q28: =IF(P28="SIM", H28, IF(H28=1.5, 2.5, IF(H28=2.5, 4, 6))) -> 2.5
A29: 25 - TUGs Trifásicas | B29: QD2 | C29: Colagem e Montagem - Circuito 2 | D29: ='Divisão dos Circuitos'!K29 -> 18.232114 | E29: ='Divisão dos Circuitos'!M29 -> 20 | F29: 30 | G29: =E29 -> 20 | H29: =MAX('Divisão dos Circuitos'!E29, 'Capac.Cond.Corre.'!L29, 'Queda de Tensão'!K29) -> 2.5 | I29: ='Capac.Cond.Corre.'!I29 -> B2 | J29: ='Capac.Cond.Corre.'!J29 -> PVC | K29: ='Capac.Cond.Corre.'!K29 -> 3 | L29: 20 | M29: 1 | N29: ='Capac.Cond.Corre.'!G29 -> 1 | O29: =L29*M29*N29 -> 20 | P29: =IF(O29>=E29, "SIM", "NÃO") -> SIM | Q29: =IF(P29="SIM", H29, IF(H29=1.5, 2.5, IF(H29=2.5, 4, 6))) -> 2.5
A30: 26 - TUGs Trifásicas | B30: QD2 | C30: Sistemas de Serra - Circuito 1 | D30: ='Divisão dos Circuitos'!K30 -> 18.232114 | E30: ='Divisão dos Circuitos'!M30 -> 20 | F30: 30 | G30: =E30 -> 20 | H30: =MAX('Divisão dos Circuitos'!E30, 'Capac.Cond.Corre.'!L30, 'Queda de Tensão'!K30) -> 4 | I30: ='Capac.Cond.Corre.'!I30 -> B2 | J30: ='Capac.Cond.Corre.'!J30 -> PVC | K30: ='Capac.Cond.Corre.'!K30 -> 3 | L30: 27 | M30: 1 | N30: ='Capac.Cond.Corre.'!G30 -> 1 | O30: =L30*M30*N30 -> 27 | P30: =IF(O30>=E30, "SIM", "NÃO") -> SIM | Q30: =IF(P30="SIM", H30, IF(H30=1.5, 2.5, IF(H30=2.5, 4, 6))) -> 4
... A35: 49 - TUE Bancada 6 | B35: QD2 | C35: Bancada 6 | D35: ='Divisão dos Circuitos'!K35 -> 17.894737 | E35: ='Divisão dos Circuitos'!M35 -> 20 | F35: 30 | G35: =E35 -> 20 | H35: =MAX('Divisão dos Circuitos'!E35, 'Capac.Cond.Corre.'!L35, 'Queda de Tensão'!K35) -> 2.5 | I35: ='Capac.Cond.Corre.'!I35 -> B2 | J35: ='Capac.Cond.Corre.'!J35 -> PVC | K35: ='Capac.Cond.Corre.'!K35 -> 2 | L35: 23 | M35: 1 | N35: ='Capac.Cond.Corre.'!G35 -> 1 | O35: =L35*M35*N35 -> 23 | P35: =IF(O35>=E35, "SIM", "NÃO") -> SIM | Q35: =IF(P35="SIM", H35, IF(H35=1.5, 2.5, IF(H35=2.5, 4, 6))) -> 2.5
A36: QD3 - QUADRO DE DISTRIBUIÇÃO 3
A37: 03 - Iluminação | B37: QD3 | C37: Sala de Estar, Reuniões, Recepção, Copa | D37: ='Divisão dos Circuitos'!K37 -> 8.9090909 | E37: ='Divisão dos Circuitos'!M37 -> 10 | F37: 30 | G37: =E37 -> 10 | H37: =MAX('Divisão dos Circuitos'!E37, 'Capac.Cond.Corre.'!L37, 'Queda de Tensão'!K37) -> 1.5 | I37: ='Capac.Cond.Corre.'!I37 -> B1 | J37: ='Capac.Cond.Corre.'!J37 -> PVC | K37: ='Capac.Cond.Corre.'!K37 -> 2 | L37: 17.5 | M37: 1 | N37: ='Capac.Cond.Corre.'!G37 -> 0.7 | O37: =L37*M37*N37 -> 12.25 | P37: =IF(O37>=E37, "SIM", "NÃO") -> SIM | Q37: =IF(P37="SIM", H37, IF(H37=1.5, 2.5, IF(H37=2.5, 4, 6))) -> 1.5
A38: 06 - TUGs | B38: QD3 | C38: Copa | D38: ='Divisão dos Circuitos'!K38 -> 9.0909091 | E38: ='Divisão dos Circuitos'!M38 -> 10 | F38: 30 | G38: =E38 -> 10 | H38: =MAX('Divisão dos Circuitos'!E38, 'Capac.Cond.Corre.'!L38, 'Queda de Tensão'!K38) -> 2.5 | I38: ='Capac.Cond.Corre.'!I38 -> B1 | J38: ='Capac.Cond.Corre.'!J38 -> PVC | K38: ='Capac.Cond.Corre.'!K38 -> 2 | L38: 24 | M38: 1 | N38: ='Capac.Cond.Corre.'!G38 -> 0.8 | O38: =L38*M38*N38 -> 19.2 | P38: =IF(O38>=E38, "SIM", "NÃO") -> SIM | Q38: =IF(P38="SIM", H38, IF(H38=1.5, 2.5, IF(H38=2.5, 4, 6))) -> 2.5
A39: 08 - TUGs | B39: QD3 | C39: Sanitários Administrativos (BWC 3 e 4) | D39: ='Divisão dos Circuitos'!K39 -> 5.4545455 | E39: ='Divisão dos Circuitos'!M39 -> 10 | F39: 30 | G39: =E39 -> 10 | H39: =MAX('Divisão dos Circuitos'!E39, 'Capac.Cond.Corre.'!L39, 'Queda de Tensão'!K39) -> 2.5 | I39: ='Capac.Cond.Corre.'!I39 -> B1 | J39: ='Capac.Cond.Corre.'!J39 -> PVC | K39: ='Capac.Cond.Corre.'!K39 -> 2 | L39: 24 | M39: 1 | N39: ='Capac.Cond.Corre.'!G39 -> 0.7 | O39: =L39*M39*N39 -> 16.8 | P39: =IF(O39>=E39, "SIM", "NÃO") -> SIM | Q39: =IF(P39="SIM", H39, IF(H39=1.5, 2.5, IF(H39=2.5, 4, 6))) -> 2.5
A40: 10 - TUGs | B40: QD3 | C40: Sala de Estar, Sala de Reuniões | D40: ='Divisão dos Circuitos'!K40 -> 13.181818 | E40: ='Divisão dos Circuitos'!M40 -> 16 | F40: 30 | G40: =E40 -> 16 | H40: =MAX('Divisão dos Circuitos'!E40, 'Capac.Cond.Corre.'!L40, 'Queda de Tensão'!K40) -> 4 | I40: ='Capac.Cond.Corre.'!I40 -> B1 | J40: ='Capac.Cond.Corre.'!J40 -> PVC | K40: ='Capac.Cond.Corre.'!K40 -> 2 | L40: 32 | M40: 1 | N40: ='Capac.Cond.Corre.'!G40 -> 0.7 | O40: =L40*M40*N40 -> 22.4 | P40: =IF(O40>=E40, "SIM", "NÃO") -> SIM | Q40: =IF(P40="SIM", H40, IF(H40=1.5, 2.5, IF(H40=2.5, 4, 6))) -> 4
A41: 11 - TUGs | B41: QD3 | C41: Circulação 2 e 3 | D41: ='Divisão dos Circuitos'!K41 -> 6.3636364 | E41: ='Divisão dos Circuitos'!M41 -> 10 | F41: 30 | G41: =E41 -> 10 | H41: =MAX('Divisão dos Circuitos'!E41, 'Capac.Cond.Corre.'!L41, 'Queda de Tensão'!K41) -> 2.5 | I41: ='Capac.Cond.Corre.'!I41 -> B1 | J41: ='Capac.Cond.Corre.'!J41 -> PVC | K41: ='Capac.Cond.Corre.'!K41 -> 2 | L41: 24 | M41: 1 | N41: ='Capac.Cond.Corre.'!G41 -> 0.7 | O41: =L41*M41*N41 -> 16.8 | P41: =IF(O41>=E41, "SIM", "NÃO") -> SIM | Q41: =IF(P41="SIM", H41, IF(H41=1.5, 2.5, IF(H41=2.5, 4, 6))) -> 2.5
A42: 31 - TUE | B42: QD3 | C42: Secadores de Mãos - BWC 3 e 4 | D42: ='Divisão dos Circuitos'!K42 -> 13.914657 | E42: ='Divisão dos Circuitos'!M42 -> 16 | F42: 30 | G42: =E42 -> 16 | H42: =MAX('Divisão dos Circuitos'!E42, 'Capac.Cond.Corre.'!L42, 'Queda de Tensão'!K42) -> 4 | I42: ='Capac.Cond.Corre.'!I42 -> B1 | J42: ='Capac.Cond.Corre.'!J42 -> PVC | K42: ='Capac.Cond.Corre.'!K42 -> 2 | L42: 32 | M42: 1 | N42: ='Capac.Cond.Corre.'!G42 -> 0.7 | O42: =L42*M42*N42 -> 22.4 | P42: =IF(O42>=E42, "SIM", "NÃO") -> SIM | Q42: =IF(P42="SIM", H42, IF(H42=1.5, 2.5, IF(H42=2.5, 4, 6))) -> 4
A43: 32 - TUE | B43: QD3 | C43: Ar Condicionado - Sala de Estar | D43: ='Divisão dos Circuitos'!K43 -> 9.3873518 | E43: ='Divisão dos Circuitos'!M43 -> 10 | F43: 30 | G43: =E43 -> 10 | H43: =MAX('Divisão dos Circuitos'!E43, 'Capac.Cond.Corre.'!L43, 'Queda de Tensão'!K43) -> 2.5 | I43: ='Capac.Cond.Corre.'!I43 -> B1 | J43: ='Capac.Cond.Corre.'!J43 -> PVC | K43: ='Capac.Cond.Corre.'!K43 -> 2 | L43: 24 | M43: 1 | N43: ='Capac.Cond.Corre.'!G43 -> 0.7 | O43: =L43*M43*N43 -> 16.8 | P43: =IF(O43>=E43, "SIM", "NÃO") -> SIM | Q43: =IF(P43="SIM", H43, IF(H43=1.5, 2.5, IF(H43=2.5, 4, 6))) -> 2.5
A44: 33 - TUE | B44: QD3 | C44: Ar Condicionado - Sala de Reuniões | D44: ='Divisão dos Circuitos'!K44 -> 12.351779 | E44: ='Divisão dos Circuitos'!M44 -> 16 | F44: 30 | G44: =E44 -> 16 | H44: =MAX('Divisão dos Circuitos'!E44, 'Capac.Cond.Corre.'!L44, 'Queda de Tensão'!K44) -> 2.5 | I44: ='Capac.Cond.Corre.'!I44 -> B1 | J44: ='Capac.Cond.Corre.'!J44 -> PVC | K44: ='Capac.Cond.Corre.'!K44 -> 2 | L44: 24 | M44: 1 | N44: ='Capac.Cond.Corre.'!G44 -> 0.7 | O44: =L44*M44*N44 -> 16.8 | P44: =IF(O44>=E44, "SIM", "NÃO") -> SIM | Q44: =IF(P44="SIM", H44, IF(H44=1.5, 2.5, IF(H44=2.5, 4, 6))) -> 2.5
A45: 34 - TUE | B45: QD3 | C45: Ar Condicionado - Recepção | D45: ='Divisão dos Circuitos'!K45 -> 6.916996 | E45: ='Divisão dos Circuitos'!M45 -> 10 | F45: 30 | G45: =E45 -> 10 | H45: =MAX('Divisão dos Circuitos'!E45, 'Capac.Cond.Corre.'!L45, 'Queda de Tensão'!K45) -> 2.5 | I45: ='Capac.Cond.Corre.'!I45 -> B1 | J45: ='Capac.Cond.Corre.'!J45 -> PVC | K45: ='Capac.Cond.Corre.'!K45 -> 2 | L45: 24 | M45: 1 | N45: ='Capac.Cond.Corre.'!G45 -> 0.7 | O45: =L45*M45*N45 -> 16.8 | P45: =IF(O45>=E45, "SIM", "NÃO") -> SIM | Q45: =IF(P45="SIM", H45, IF(H45=1.5, 2.5, IF(H45=2.5, 4, 6))) -> 2.5
A46: 42 - TUGs | B46: QD3 | C46: Recepção, Ante Sala | D46: ='Divisão dos Circuitos'!K46 -> 7.7272727 | E46: ='Divisão dos Circuitos'!M46 -> 10 | F46: 30 | G46: =E46 -> 10 | H46: =MAX('Divisão dos Circuitos'!E46, 'Capac.Cond.Corre.'!L46, 'Queda de Tensão'!K46) -> 2.5 | I46: ='Capac.Cond.Corre.'!I46 -> B1 | J46: ='Capac.Cond.Corre.'!J46 -> PVC | K46: ='Capac.Cond.Corre.'!K46 -> 2 | L46: 24 | M46: 1 | N46: ='Capac.Cond.Corre.'!G46 -> 0.7 | O46: =L46*M46*N46 -> 16.8 | P46: =IF(O46>=E46, "SIM", "NÃO") -> SIM | Q46: =IF(P46="SIM", H46, IF(H46=1.5, 2.5, IF(H46=2.5, 4, 6))) -> 2.5
A47: 43 - Iluminação | B47: QD3 | C47: Ante Sala, Circulação 2, Circulação 3, BWC 3 e 4 | D47: ='Divisão dos Circuitos'!K47 -> 6.6363636 | E47: ='Divisão dos Circuitos'!M47 -> 10 | F47: 30 | G47: =E47 -> 10 | H47: =MAX('Divisão dos Circuitos'!E47, 'Capac.Cond.Corre.'!L47, 'Queda de Tensão'!K47) -> 1.5 | I47: ='Capac.Cond.Corre.'!I47 -> B1 | J47: ='Capac.Cond.Corre.'!J47 -> PVC | K47: ='Capac.Cond.Corre.'!K47 -> 2 | L47: 17.5 | M47: 1 | N47: ='Capac.Cond.Corre.'!G47 -> 0.7 | O47: =L47*M47*N47 -> 12.25 | P47: =IF(O47>=E47, "SIM", "NÃO") -> SIM | Q47: =IF(P47="SIM", H47, IF(H47=1.5, 2.5, IF(H47=2.5, 4, 6))) -> 1.5
A48: QD4 - QUADRO DE DISTRIBUIÇÃO 4
A49: 04 - Iluminação | B49: QD4 | C49: Circulação 1, Vídeo Conferência, Presidência, Diretoria Técnica, Depósito, Subestação | D49: ='Divisão dos Circuitos'!K49 -> 10.909091 | E49: ='Divisão dos Circuitos'!M49 -> 16 | F49: 30 | G49: =E49 -> 16 | H49: =MAX('Divisão dos Circuitos'!E49, 'Capac.Cond.Corre.'!L49, 'Queda de Tensão'!K49) -> 2.5 | I49: ='Capac.Cond.Corre.'!I49 -> B1 | J49: ='Capac.Cond.Corre.'!J49 -> PVC | K49: ='Capac.Cond.Corre.'!K49 -> 2 | L49: 24 | M49: 1 | N49: ='Capac.Cond.Corre.'!G49 -> 0.7 | O49: =L49*M49*N49 -> 16.8 | P49: =IF(O49>=E49, "SIM", "NÃO") -> SIM | Q49: =IF(P49="SIM", H49, IF(H49=1.5, 2.5, IF(H49=2.5, 4, 6))) -> 2.5
A50: 09 - TUGs | B50: QD4 | C50: Vídeo Conferência, Presidência | D50: ='Divisão dos Circuitos'!K50 -> 11.818182 | E50: ='Divisão dos Circuitos'!M50 -> 16 | F50: 30 | G50: =E50 -> 16 | H50: =MAX('Divisão dos Circuitos'!E50, 'Capac.Cond.Corre.'!L50, 'Queda de Tensão'!K50) -> 2.5 | I50: ='Capac.Cond.Corre.'!I50 -> B1 | J50: ='Capac.Cond.Corre.'!J50 -> PVC | K50: ='Capac.Cond.Corre.'!K50 -> 2 | L50: 24 | M50: 1 | N50: ='Capac.Cond.Corre.'!G50 -> 0.7 | O50: =L50*M50*N50 -> 16.8 | P50: =IF(O50>=E50, "SIM", "NÃO") -> SIM | Q50: =IF(P50="SIM", H50, IF(H50=1.5, 2.5, IF(H50=2.5, 4, 6))) -> 2.5
A51: 28 - TUE | B51: QD4 | C51: Depósito | D51: ='Divisão dos Circuitos'!K51 -> 27.272727 | E51: ='Divisão dos Circuitos'!M51 -> 32 | F51: 30 | G51: =E51 -> 32 | H51: =MAX('Divisão dos Circuitos'!E51, 'Capac.Cond.Corre.'!L51, 'Queda de Tensão'!K51) -> 10 | I51: ='Capac.Cond.Corre.'!I51 -> B1 | J51: ='Capac.Cond.Corre.'!J51 -> PVC | K51: ='Capac.Cond.Corre.'!K51 -> 2 | L51: 57 | M51: 1 | N51: ='Capac.Cond.Corre.'!G51 -> 0.7 | O51: =L51*M51*N51 -> 39.9 | P51: =IF(O51>=E51, "SIM", "NÃO") -> SIM | Q51: =IF(P51="SIM", H51, IF(H51=1.5, 2.5, IF(H51=2.5, 4, 6))) -> 10
A52: 29 - TUE | B52: QD4 | C52: Subestação | D52: ='Divisão dos Circuitos'!K52 -> 27.272727 | E52: ='Divisão dos Circuitos'!M52 -> 32 | F52: 30 | G52: =E52 -> 32 | H52: =MAX('Divisão dos Circuitos'!E52, 'Capac.Cond.Corre.'!L52, 'Queda de Tensão'!K52) -> 10 | I52: ='Capac.Cond.Corre.'!I52 -> B1 | J52: ='Capac.Cond.Corre.'!J52 -> PVC | K52: ='Capac.Cond.Corre.'!K52 -> 2 | L52: 57 | M52: 1 | N52: ='Capac.Cond.Corre.'!G52 -> 0.7 | O52: =L52*M52*N52 -> 39.9 | P52: =IF(O52>=E52, "SIM", "NÃO") -> SIM | Q52: =IF(P52="SIM", H52, IF(H52=1.5, 2.5, IF(H52=2.5, 4, 6))) -> 10
A53: 35 - TUE | B53: QD4 | C53: Ar Condicionado - Vídeo Conferência | D53: ='Divisão dos Circuitos'!K53 -> 9.3873518 | E53: ='Divisão dos Circuitos'!M53 -> 10 | F53: 30 | G53: =E53 -> 10 | H53: =MAX('Divisão dos Circuitos'!E53, 'Capac.Cond.Corre.'!L53, 'Queda de Tensão'!K53) -> 2.5 | I53: ='Capac.Cond.Corre.'!I53 -> B1 | J53: ='Capac.Cond.Corre.'!J53 -> PVC | K53: ='Capac.Cond.Corre.'!K53 -> 2 | L53: 24 | M53: 1 | N53: ='Capac.Cond.Corre.'!G53 -> 0.7 | O53: =L53*M53*N53 -> 16.8 | P53: =IF(O53>=E53, "SIM", "NÃO") -> SIM | Q53: =IF(P53="SIM", H53, IF(H53=1.5, 2.5, IF(H53=2.5, 4, 6))) -> 2.5
A54: 36 - TUE | B54: QD4 | C54: Ar Condicionado - Presidência | D54: ='Divisão dos Circuitos'!K54 -> 6.916996 | E54: ='Divisão dos Circuitos'!M54 -> 10 | F54: 30 | G54: =E54 -> 10 | H54: =MAX('Divisão dos Circuitos'!E54, 'Capac.Cond.Corre.'!L54, 'Queda de Tensão'!K54) -> 2.5 | I54: ='Capac.Cond.Corre.'!I54 -> B1 | J54: ='Capac.Cond.Corre.'!J54 -> PVC | K54: ='Capac.Cond.Corre.'!K54 -> 2 | L54: 24 | M54: 1 | N54: ='Capac.Cond.Corre.'!G54 -> 0.8 | O54: =L54*M54*N54 -> 19.2 | P54: =IF(O54>=E54, "SIM", "NÃO") -> SIM | Q54: =IF(P54="SIM", H54, IF(H54=1.5, 2.5, IF(H54=2.5, 4, 6))) -> 2.5
A55: 37 - TUE | B55: QD4 | C55: Ar Condicionado - Diretoria Técnica | D55: ='Divisão dos Circuitos'!K55 -> 6.916996 | E55: ='Divisão dos Circuitos'!M55 -> 10 | F55: 30 | G55: =E55 -> 10 | H55: =MAX('Divisão dos Circuitos'!E55, 'Capac.Cond.Corre.'!L55, 'Queda de Tensão'!K55) -> 2.5 | I55: ='Capac.Cond.Corre.'!I55 -> B1 | J55: ='Capac.Cond.Corre.'!J55 -> PVC | K55: ='Capac.Cond.Corre.'!K55 -> 2 | L55: 24 | M55: 1 | N55: ='Capac.Cond.Corre.'!G55 -> 0.7 | O55: =L55*M55*N55 -> 16.8 | P55: =IF(O55>=E55, "SIM", "NÃO") -> SIM | Q55: =IF(P55="SIM", H55, IF(H55=1.5, 2.5, IF(H55=2.5, 4, 6))) -> 2.5
A56: 41 - TUGs | B56: QD4 | C56: Diretoria Técnica, Depósito, Circulação 1, Subestação | D56: ='Divisão dos Circuitos'!K56 -> 15 | E56: ='Divisão dos Circuitos'!M56 -> 16 | F56: 30 | G56: =E56 -> 16 | H56: =MAX('Divisão dos Circuitos'!E56, 'Capac.Cond.Corre.'!L56, 'Queda de Tensão'!K56) -> 2.5 | I56: ='Capac.Cond.Corre.'!I56 -> B1 | J56: ='Capac.Cond.Corre.'!J56 -> PVC | K56: ='Capac.Cond.Corre.'!K56 -> 2 | L56: 24 | M56: 1 | N56: ='Capac.Cond.Corre.'!G56 -> 0.7 | O56: =L56*M56*N56 -> 16.8 | P56: =IF(O56>=E56, "SIM", "NÃO") -> SIM | Q56: =IF(P56="SIM", H56, IF(H56=1.5, 2.5, IF(H56=2.5, 4, 6))) -> 2.5

Sheet Quadro de Cargas
A1: QUADRO DE CARGAS
A3: Circuito N° - Tipo | B3: Origem | C3: Destino | D3: Dados de Entrada | J3: Fatores de Correção | L3: Condutor | N3: Proteção - Disjuntor | P3: Proteção - IDR | R3: Balanço de Fases | S3: Corrente Fase R [A] | T3: Corrente Fase S [A] | U3: Corrente Fase T [A]
D4: Potência Ativa [W] | E4: Potência Aparente [VA] | F4: Potência Reativa [VAr] | G4: F.P. por circuito | H4: Tipo de Fornecimento | I4: Corrente de projeto IN [A] | J4: FT (F.Temp.) | K4: FA (F.Agrup.) | L4: L [m] | M4: SF - Seção Final [mm²] | N4: n° de polos | O4: ID - Corrente nominal [A] | P4: n° de polos | Q4: Corrente nominal [A]
A5: QD1 - QUADRO DE DISTRIBUIÇÃO 1
A6: ='Divisão dos Circuitos'!A5 -> 01 - Iluminação | B6: ='Divisão dos Circuitos'!C5 -> QD1 | C6: ='Divisão dos Circuitos'!D5 -> Tornear e Chanfrar, Polimento | D6: ='Divisão dos Circuitos'!H5 -> 2361 | E6: ='Divisão dos Circuitos'!I5 -> 2384.8485 | F6: ='Divisão dos Circuitos'!J5 -> 336.42428 | G6: ='Divisão dos Circuitos'!G5 -> 0.99 | H6: =IF('Divisão dos Circuitos'!F5=1,"Monofásico",IF('Divisão dos Circuitos'!F5=2,"Bifásico","Trifásico")) -> Monofásico | I6: ='Divisão dos Circuitos'!K5 -> 10.84022 | J6: ='Capac.Cond.Corre.'!E5 -> 1 | K6: ='Capac.Cond.Corre.'!G5 -> 1 | L6: ='Queda de Tensão'!H5 -> 56.1 | M6: =Sobrecarga!Q5 -> 4 | N6: ='Divisão dos Circuitos'!L5 -> 1 | O6: ='Divisão dos Circuitos'!M5 -> 16 | P6: ='Divisão dos Circuitos'!N5 -> 2 | Q6: ='Divisão dos Circuitos'!O5 -> 25 | R6: S | S6: =IF(ISNUMBER(SEARCH("R", R6)), I6, 0) -> 0 | T6: =IF(ISNUMBER(SEARCH("S", R6)), I6, 0) -> 10.84022 | U6: =IF(ISNUMBER(SEARCH("T", R6)), I6, 0) -> 0
A7: ='Divisão dos Circuitos'!A6 -> 12 - TUGs | B7: ='Divisão dos Circuitos'!C6 -> QD1 | C7: ='Divisão dos Circuitos'!D6 -> Tornear e Chanfrar - Circuito 1 | D7: ='Divisão dos Circuitos'!H6 -> 1920 | E7: ='Divisão dos Circuitos'!I6 -> 2400 | F7: ='Divisão dos Circuitos'!J6 -> 1440 | G7: ='Divisão dos Circuitos'!G6 -> 0.8 | H7: =IF('Divisão dos Circuitos'!F6=1,"Monofásico",IF('Divisão dos Circuitos'!F6=2,"Bifásico","Trifásico")) -> Monofásico | I7: ='Divisão dos Circuitos'!K6 -> 10.909091 | J7: ='Capac.Cond.Corre.'!E6 -> 1 | K7: ='Capac.Cond.Corre.'!G6 -> 1 | L7: ='Queda de Tensão'!H6 -> 27.8 | M7: =Sobrecarga!Q6 -> 2.5 | N7: ='Divisão dos Circuitos'!L6 -> 1 | O7: ='Divisão dos Circuitos'!M6 -> 16 | P7: ='Divisão dos Circuitos'!N6 -> 2 | Q7: ='Divisão dos Circuitos'!O6 -> 25 | R7: T | S7: =IF(ISNUMBER(SEARCH("R", R7)), I7, 0) -> 0 | T7: =IF(ISNUMBER(SEARCH("S", R7)), I7, 0) -> 0 | U7: =IF(ISNUMBER(SEARCH("T", R7)), I7, 0) -> 10.909091
A8: ='Divisão dos Circuitos'!A7 -> 13 - TUGs | B8: ='Divisão dos Circuitos'!C7 -> QD1 | C8: ='Divisão dos Circuitos'!D7 -> Tornear e Chanfrar - Circuito 2 | D8: ='Divisão dos Circuitos'!H7 -> 1440 | E8: ='Divisão dos Circuitos'!I7 -> 1800 | F8: ='Divisão dos Circuitos'!J7 -> 1080 | G8: ='Divisão dos Circuitos'!G7 -> 0.8 | H8: =IF('Divisão dos Circuitos'!F7=1,"Monofásico",IF('Divisão dos Circuitos'!F7=2,"Bifásico","Trifásico")) -> Monofásico | I8: ='Divisão dos Circuitos'!K7 -> 8.1818182 | J8: ='Capac.Cond.Corre.'!E7 -> 1 | K8: ='Capac.Cond.Corre.'!G7 -> 1 | L8: ='Queda de Tensão'!H7 -> 15.4 | M8: =Sobrecarga!Q7 -> 2.5 | N8: ='Divisão dos Circuitos'!L7 -> 1 | O8: ='Divisão dos Circuitos'!M7 -> 10 | P8: ='Divisão dos Circuitos'!N7 -> 2 | Q8: ='Divisão dos Circuitos'!O7 -> 25 | R8: S | S8: =IF(ISNUMBER(SEARCH("R", R8)), I8, 0) -> 0 | T8: =IF(ISNUMBER(SEARCH("S", R8)), I8, 0) -> 8.1818182 | U8: =IF(ISNUMBER(SEARCH("T", R8)), I8, 0) -> 0
A9: ='Divisão dos Circuitos'!A8 -> 14 - TUGs | B9: ='Divisão dos Circuitos'!C8 -> QD1 | C9: ='Divisão dos Circuitos'!D8 -> Polimento - Circuito 1 | D9: ='Divisão dos Circuitos'!H8 -> 1920 | E9: ='Divisão dos Circuitos'!I8 -> 2400 | F9: ='Divisão dos Circuitos'!J8 -> 1440 | G9: ='Divisão dos Circuitos'!G8 -> 0.8 | H9: =IF('Divisão dos Circuitos'!F8=1,"Monofásico",IF('Divisão dos Circuitos'!F8=2,"Bifásico","Trifásico")) -> Monofásico | I9: ='Divisão dos Circuitos'!K8 -> 10.909091 | J9: ='Capac.Cond.Corre.'!E8 -> 1 | K9: ='Capac.Cond.Corre.'!G8 -> 1 | L9: ='Queda de Tensão'!H8 -> 44.5 | M9: =Sobrecarga!Q8 -> 4 | N9: ='Divisão dos Circuitos'!L8 -> 1 | O9: ='Divisão dos Circuitos'!M8 -> 16 | P9: ='Divisão dos Circuitos'!N8 -> 2 | Q9: ='Divisão dos Circuitos'!O8 -> 25 | R9: T | S9: =IF(ISNUMBER(SEARCH("R", R9)), I9, 0) -> 0 | T9: =IF(ISNUMBER(SEARCH("S", R9)), I9, 0) -> 0 | U9: =IF(ISNUMBER(SEARCH("T", R9)), I9, 0) -> 10.909091
A10: ='Divisão dos Circuitos'!A9 -> 15 - TUGs | B10: ='Divisão dos Circuitos'!C9 -> QD1 | C10: ='Divisão dos Circuitos'!D9 -> Polimento - Circuito 2 | D10: ='Divisão dos Circuitos'!H9 -> 1440 | E10: ='Divisão dos Circuitos'!I9 -> 1800 | F10: ='Divisão dos Circuitos'!J9 -> 1080 | G10: ='Divisão dos Circuitos'!G9 -> 0.8 | H10: =IF('Divisão dos Circuitos'!F9=1,"Monofásico",IF('Divisão dos Circuitos'!F9=2,"Bifásico","Trifásico")) -> Monofásico | I10: ='Divisão dos Circuitos'!K9 -> 8.1818182 | J10: ='Capac.Cond.Corre.'!E9 -> 1 | K10: ='Capac.Cond.Corre.'!G9 -> 1 | L10: ='Queda de Tensão'!H9 -> 54 | M10: =Sobrecarga!Q9 -> 4 | N10: ='Divisão dos Circuitos'!L9 -> 1 | O10: ='Divisão dos Circuitos'!M9 -> 10 | P10: ='Divisão dos Circuitos'!N9 -> 2 | Q10: ='Divisão dos Circuitos'!O9 -> 25 | R10: R | S10: =IF(ISNUMBER(SEARCH("R", R10)), I10, 0) -> 8.1818182 | T10: =IF(ISNUMBER(SEARCH("S", R10)), I10, 0) -> 0 | U10: =IF(ISNUMBER(SEARCH("T", R10)), I10, 0) -> 0
A11: ='Divisão dos Circuitos'!A10 -> 22 - TUGs Trifásicas | B11: ='Divisão dos Circuitos'!C10 -> QD1 | C11: ='Divisão dos Circuitos'!D10 -> Tornear e Chanfrar - Circuito 1 | D11: ='Divisão dos Circuitos'!H10 -> 9600 | E11: ='Divisão dos Circuitos'!I10 -> 12000 | F11: ='Divisão dos Circuitos'!J10 -> 7200 | G11: ='Divisão dos Circuitos'!G10 -> 0.8 | H11: =IF('Divisão dos Circuitos'!F10=1,"Monofásico",IF('Divisão dos Circuitos'!F10=2,"Bifásico","Trifásico")) -> Trifásico | I11: ='Divisão dos Circuitos'!K10 -> 18.232114 | J11: ='Capac.Cond.Corre.'!E10 -> 1 | K11: ='Capac.Cond.Corre.'!G10 -> 1 | L11: ='Queda de Tensão'!H10 -> 25.7 | M11: =Sobrecarga!Q10 -> 2.5 | N11: ='Divisão dos Circuitos'!L10 -> 3 | O11: ='Divisão dos Circuitos'!M10 -> 20 | P11: ='Divisão dos Circuitos'!N10 -> 4 | Q11: ='Divisão dos Circuitos'!O10 -> 25 | R11: R-S-T | S11: =IF(ISNUMBER(SEARCH("R", R11)), I11, 0) -> 18.232114 | T11: =IF(ISNUMBER(SEARCH("S", R11)), I11, 0) -> 18.232114 | U11: =IF(ISNUMBER(SEARCH("T", R11)), I11, 0) -> 18.232114
A12: ='Divisão dos Circuitos'!A11 -> 23 - TUGs Trifásicas | B12: ='Divisão dos Circuitos'!C11 -> QD1 | C12: ='Divisão dos Circuitos'!D11 -> Polimento - Circuito 1 | D12: ='Divisão dos Circuitos'!H11 -> 9600 | E12: ='Divisão dos Circuitos'!I11 -> 12000 | F12: ='Divisão dos Circuitos'!J11 -> 7200 | G12: ='Divisão dos Circuitos'!G11 -> 0.8 | H12: =IF('Divisão dos Circuitos'!F11=1,"Monofásico",IF('Divisão dos Circuitos'!F11=2,"Bifásico","Trifásico")) -> Trifásico | I12: ='Divisão dos Circuitos'!K11 -> 18.232114 | J12: ='Capac.Cond.Corre.'!E11 -> 1 | K12: ='Capac.Cond.Corre.'!G11 -> 1 | L12: ='Queda de Tensão'!H11 -> 42.2 | M12: =Sobrecarga!Q11 -> 2.5 | N12: ='Divisão dos Circuitos'!L11 -> 3 | O12: ='Divisão dos Circuitos'!M11 -> 20 | P12: ='Divisão dos Circuitos'!N11 -> 4 | Q12: ='Divisão dos Circuitos'!O11 -> 25 | R12: R-S-T | S12: =IF(ISNUMBER(SEARCH("R", R12)), I12, 0) -> 18.232114 | T12: =IF(ISNUMBER(SEARCH("S", R12)), I12, 0) -> 18.232114 | U12: =IF(ISNUMBER(SEARCH("T", R12)), I12, 0) -> 18.232114
A13: ='Divisão dos Circuitos'!A12 -> 38 - TUGs Trifásicas | B13: ='Divisão dos Circuitos'!C12 -> QD1 | C13: ='Divisão dos Circuitos'!D12 -> Tornear e Chanfrar - Circuito 2 | D13: ='Divisão dos Circuitos'!H12 -> 9600 | E13: ='Divisão dos Circuitos'!I12 -> 12000 | F13: ='Divisão dos Circuitos'!J12 -> 7200 | G13: ='Divisão dos Circuitos'!G12 -> 0.8 | H13: =IF('Divisão dos Circuitos'!F12=1,"Monofásico",IF('Divisão dos Circuitos'!F12=2,"Bifásico","Trifásico")) -> Trifásico | I13: ='Divisão dos Circuitos'!K12 -> 18.232114 | J13: ='Capac.Cond.Corre.'!E12 -> 1 | K13: ='Capac.Cond.Corre.'!G12 -> 1 | L13: ='Queda de Tensão'!H12 -> 15 | M13: =Sobrecarga!Q12 -> 2.5 | N13: ='Divisão dos Circuitos'!L12 -> 3 | O13: ='Divisão dos Circuitos'!M12 -> 20 | P13: ='Divisão dos Circuitos'!N12 -> 4 | Q13: ='Divisão dos Circuitos'!O12 -> 25 | R13: R-S-T | S13: =IF(ISNUMBER(SEARCH("R", R13)), I13, 0) -> 18.232114 | T13: =IF(ISNUMBER(SEARCH("S", R13)), I13, 0) -> 18.232114 | U13: =IF(ISNUMBER(SEARCH("T", R13)), I13, 0) -> 18.232114
A14: ='Divisão dos Circuitos'!A13 -> 39 - TUGs Trifásicas | B14: ='Divisão dos Circuitos'!C13 -> QD1 | C14: ='Divisão dos Circuitos'!D13 -> Polimento - Circuito 2 | D14: ='Divisão dos Circuitos'!H13 -> 9600 | E14: ='Divisão dos Circuitos'!I13 -> 12000 | F14: ='Divisão dos Circuitos'!J13 -> 7200 | G14: ='Divisão dos Circuitos'!G13 -> 0.8 | H14: =IF('Divisão dos Circuitos'!F13=1,"Monofásico",IF('Divisão dos Circuitos'!F13=2,"Bifásico","Trifásico")) -> Trifásico | I14: ='Divisão dos Circuitos'!K13 -> 18.232114 | J14: ='Capac.Cond.Corre.'!E13 -> 1 | K14: ='Capac.Cond.Corre.'!G13 -> 1 | L14: ='Queda de Tensão'!H13 -> 52.5 | M14: =Sobrecarga!Q13 -> 4 | N14: ='Divisão dos Circuitos'!L13 -> 3 | O14: ='Divisão dos Circuitos'!M13 -> 20 | P14: ='Divisão dos Circuitos'!N13 -> 4 | Q14: ='Divisão dos Circuitos'!O13 -> 25 | R14: R-S-T | S14: =IF(ISNUMBER(SEARCH("R", R14)), I14, 0) -> 18.232114 | T14: =IF(ISNUMBER(SEARCH("S", R14)), I14, 0) -> 18.232114 | U14: =IF(ISNUMBER(SEARCH("T", R14)), I14, 0) -> 18.232114
A15: ='Divisão dos Circuitos'!A14 -> 44 - TUE Bancada 1 | B15: ='Divisão dos Circuitos'!C14 -> QD1 | C15: ='Divisão dos Circuitos'!D14 -> Bancada 1 | D15: ='Divisão dos Circuitos'!H14 -> 2400 | E15: ='Divisão dos Circuitos'!I14 -> 3000 | F15: ='Divisão dos Circuitos'!J14 -> 1800 | G15: ='Divisão dos Circuitos'!G14 -> 0.8 | H15: =IF('Divisão dos Circuitos'!F14=1,"Monofásico",IF('Divisão dos Circuitos'!F14=2,"Bifásico","Trifásico")) -> Monofásico | I15: ='Divisão dos Circuitos'!K14 -> 13.636364 | J15: ='Capac.Cond.Corre.'!E14 -> 1 | K15: ='Capac.Cond.Corre.'!G14 -> 1 | L15: ='Queda de Tensão'!H14 -> 27.7 | M15: =Sobrecarga!Q14 -> 2.5 | N15: ='Divisão dos Circuitos'!L14 -> 1 | O15: ='Divisão dos Circuitos'!M14 -> 16 | P15: ='Divisão dos Circuitos'!N14 -> 2 | Q15: ='Divisão dos Circuitos'!O14 -> 25 | R15: S | S15: =IF(ISNUMBER(SEARCH("R", R15)), I15, 0) -> 0 | T15: =IF(ISNUMBER(SEARCH("S", R15)), I15, 0) -> 13.636364 | U15: =IF(ISNUMBER(SEARCH("T", R15)), I15, 0) -> 0
A16: ='Divisão dos Circuitos'!A15 -> 45 - TUE Bancada 2 | B16: ='Divisão dos Circuitos'!C15 -> QD1 | C16: ='Divisão dos Circuitos'!D15 -> Bancada 2 | D16: ='Divisão dos Circuitos'!H15 -> 1760 | E16: ='Divisão dos Circuitos'!I15 -> 2200 | F16: ='Divisão dos Circuitos'!J15 -> 1320 | G16: ='Divisão dos Circuitos'!G15 -> 0.8 | H16: =IF('Divisão dos Circuitos'!F15=1,"Monofásico",IF('Divisão dos Circuitos'!F15=2,"Bifásico","Trifásico")) -> Monofásico | I16: ='Divisão dos Circuitos'!K15 -> 10 | J16: ='Capac.Cond.Corre.'!E15 -> 1 | K16: ='Capac.Cond.Corre.'!G15 -> 1 | L16: ='Queda de Tensão'!H15 -> 30.1 | M16: =Sobrecarga!Q15 -> 2.5 | N16: ='Divisão dos Circuitos'!L15 -> 1 | O16: ='Divisão dos Circuitos'!M15 -> 16 | P16: ='Divisão dos Circuitos'!N15 -> 2 | Q16: ='Divisão dos Circuitos'!O15 -> 25 | R16: R | S16: =IF(ISNUMBER(SEARCH("R", R16)), I16, 0) -> 10 | T16: =IF(ISNUMBER(SEARCH("S", R16)), I16, 0) -> 0 | U16: =IF(ISNUMBER(SEARCH("T", R16)), I16, 0) -> 0
A17: ='Divisão dos Circuitos'!A16 -> 46 - TUE Bancada 3 | B17: ='Divisão dos Circuitos'!C16 -> QD1 | C17: ='Divisão dos Circuitos'!D16 -> Bancada 3 | D17: ='Divisão dos Circuitos'!H16 -> 1600 | E17: ='Divisão dos Circuitos'!I16 -> 2000 | F17: ='Divisão dos Circuitos'!J16 -> 1200 | G17: ='Divisão dos Circuitos'!G16 -> 0.8 | H17: =IF('Divisão dos Circuitos'!F16=1,"Monofásico",IF('Divisão dos Circuitos'!F16=2,"Bifásico","Trifásico")) -> Monofásico | I17: ='Divisão dos Circuitos'!K16 -> 9.0909091 | J17: ='Capac.Cond.Corre.'!E16 -> 1 | K17: ='Capac.Cond.Corre.'!G16 -> 1 | L17: ='Queda de Tensão'!H16 -> 34 | M17: =Sobrecarga!Q16 -> 2.5 | N17: ='Divisão dos Circuitos'!L16 -> 1 | O17: ='Divisão dos Circuitos'!M16 -> 10 | P17: ='Divisão dos Circuitos'!N16 -> 2 | Q17: ='Divisão dos Circuitos'!O16 -> 25 | R17: T | S17: =IF(ISNUMBER(SEARCH("R", R17)), I17, 0) -> 0 | T17: =IF(ISNUMBER(SEARCH("S", R17)), I17, 0) -> 0 | U17: =IF(ISNUMBER(SEARCH("T", R17)), I17, 0) -> 9.0909091
A18: ='Divisão dos Circuitos'!A17 -> 47 - TUE Bancada 4 | B18: ='Divisão dos Circuitos'!C17 -> QD1 | C18: ='Divisão dos Circuitos'!D17 -> Bancada 4 | D18: ='Divisão dos Circuitos'!H17 -> 2720 | E18: ='Divisão dos Circuitos'!I17 -> 3400 | F18: ='Divisão dos Circuitos'!J17 -> 2040 | G18: ='Divisão dos Circuitos'!G17 -> 0.8 | H18: =IF('Divisão dos Circuitos'!F17=1,"Monofásico",IF('Divisão dos Circuitos'!F17=2,"Bifásico","Trifásico")) -> Monofásico | I18: ='Divisão dos Circuitos'!K17 -> 15.454545 | J18: ='Capac.Cond.Corre.'!E17 -> 1 | K18: ='Capac.Cond.Corre.'!G17 -> 1 | L18: ='Queda de Tensão'!H17 -> 35 | M18: =Sobrecarga!Q17 -> 4 | N18: ='Divisão dos Circuitos'!L17 -> 1 | O18: ='Divisão dos Circuitos'!M17 -> 16 | P18: ='Divisão dos Circuitos'!N17 -> 2 | Q18: ='Divisão dos Circuitos'!O17 -> 25 | R18: R | S18: =IF(ISNUMBER(SEARCH("R", R18)), I18, 0) -> 15.454545 | T18: =IF(ISNUMBER(SEARCH("S", R18)), I18, 0) -> 0 | U18: =IF(ISNUMBER(SEARCH("T", R18)), I18, 0) -> 0
A19: TOTAL QD1 | D19: =SUM(D6:D18) -> 55961 | E19: =SUM(E6:E18) -> 69384.848 | F19: =SUM(F6:F18) -> 40536.424 | N19: Corrente Total por Fase [A]: | S19: =SUM(S6:S18) -> 106.56482 | T19: =SUM(T6:T18) -> 105.58686 | U19: =SUM(U6:U18) -> 103.83755
A20: QD2 - QUADRO DE DISTRIBUIÇÃO 2
A21: ='Divisão dos Circuitos'!A19 -> 02 - Iluminação | B21: ='Divisão dos Circuitos'!C19 -> QD2 | C21: ='Divisão dos Circuitos'!D19 -> Colagem e Montagem, Sistemas de Serra, BWC 1 e 2 | D21: ='Divisão dos Circuitos'!H19 -> 1932.4 | E21: ='Divisão dos Circuitos'!I19 -> 1951.9192 | F21: ='Divisão dos Circuitos'!J19 -> 275.35209 | G21: ='Divisão dos Circuitos'!G19 -> 0.99 | H21: =IF('Divisão dos Circuitos'!F19=1,"Monofásico",IF('Divisão dos Circuitos'!F19=2,"Bifásico","Trifásico")) -> Monofásico | I21: ='Divisão dos Circuitos'!K19 -> 8.87236 | J21: ='Capac.Cond.Corre.'!E19 -> 1 | K21: ='Capac.Cond.Corre.'!G19 -> 0.7 | L21: ='Queda de Tensão'!H19 -> 45.1 | M21: =Sobrecarga!Q19 -> 4 | N21: ='Divisão dos Circuitos'!L19 -> 1 | O21: ='Divisão dos Circuitos'!M19 -> 10 | P21: ='Divisão dos Circuitos'!N19 -> 2 | Q21: ='Divisão dos Circuitos'!O19 -> 25 | R21: T | S21: =IF(ISNUMBER(SEARCH("R", R21)), I21, 0) -> 0 | T21: =IF(ISNUMBER(SEARCH("S", R21)), I21, 0) -> 0 | U21: =IF(ISNUMBER(SEARCH("T", R21)), I21, 0) -> 8.87236
A22: ='Divisão dos Circuitos'!A20 -> 05 - Iluminação | B22: ='Divisão dos Circuitos'!C20 -> QD2 | C22: ='Divisão dos Circuitos'!D20 -> Inspeção Final | D22: ='Divisão dos Circuitos'!H20 -> 1652.7 | E22: ='Divisão dos Circuitos'!I20 -> 1669.3939 | F22: ='Divisão dos Circuitos'!J20 -> 235.497 | G22: ='Divisão dos Circuitos'!G20 -> 0.99 | H22: =IF('Divisão dos Circuitos'!F20=1,"Monofásico",IF('Divisão dos Circuitos'!F20=2,"Bifásico","Trifásico")) -> Monofásico | I22: ='Divisão dos Circuitos'!K20 -> 7.5881543 | J22: ='Capac.Cond.Corre.'!E20 -> 1 | K22: ='Capac.Cond.Corre.'!G20 -> 1 | L22: ='Queda de Tensão'!H20 -> 42.9 | M22: =Sobrecarga!Q20 -> 2.5 | N22: ='Divisão dos Circuitos'!L20 -> 1 | O22: ='Divisão dos Circuitos'!M20 -> 10 | P22: ='Divisão dos Circuitos'!N20 -> 2 | Q22: ='Divisão dos Circuitos'!O20 -> 25 | R22: S | S22: =IF(ISNUMBER(SEARCH("R", R22)), I22, 0) -> 0 | T22: =IF(ISNUMBER(SEARCH("S", R22)), I22, 0) -> 7.5881543 | U22: =IF(ISNUMBER(SEARCH("T", R22)), I22, 0) -> 0
A23: ='Divisão dos Circuitos'!A21 -> 07 - TUGs | B23: ='Divisão dos Circuitos'!C21 -> QD2 | C23: ='Divisão dos Circuitos'!D21 -> Sanitários Operacionais (BWC 1 e 2) | D23: ='Divisão dos Circuitos'!H21 -> 960 | E23: ='Divisão dos Circuitos'!I21 -> 1200 | F23: ='Divisão dos Circuitos'!J21 -> 720 | G23: ='Divisão dos Circuitos'!G21 -> 0.8 | H23: =IF('Divisão dos Circuitos'!F21=1,"Monofásico",IF('Divisão dos Circuitos'!F21=2,"Bifásico","Trifásico")) -> Monofásico | I23: ='Divisão dos Circuitos'!K21 -> 5.4545455 | J23: ='Capac.Cond.Corre.'!E21 -> 1 | K23: ='Capac.Cond.Corre.'!G21 -> 0.7 | L23: ='Queda de Tensão'!H21 -> 17.7 | M23: =Sobrecarga!Q21 -> 2.5 | N23: ='Divisão dos Circuitos'!L21 -> 1 | O23: ='Divisão dos Circuitos'!M21 -> 10 | P23: ='Divisão dos Circuitos'!N21 -> 2 | Q23: ='Divisão dos Circuitos'!O21 -> 25 | R23: T | S23: =IF(ISNUMBER(SEARCH("R", R23)), I23, 0) -> 0 | T23: =IF(ISNUMBER(SEARCH("S", R23)), I23, 0) -> 0 | U23: =IF(ISNUMBER(SEARCH("T", R23)), I23, 0) -> 5.4545455
A24: ='Divisão dos Circuitos'!A22 -> 16 - TUGs | B24: ='Divisão dos Circuitos'!C22 -> QD2 | C24: ='Divisão dos Circuitos'!D22 -> Colagem e Montagem - Circuito 1 | D24: ='Divisão dos Circuitos'!H22 -> 1920 | E24: ='Divisão dos Circuitos'!I22 -> 2400 | F24: ='Divisão dos Circuitos'!J22 -> 1440 | G24: ='Divisão dos Circuitos'!G22 -> 0.8 | H24: =IF('Divisão dos Circuitos'!F22=1,"Monofásico",IF('Divisão dos Circuitos'!F22=2,"Bifásico","Trifásico")) -> Monofásico | I24: ='Divisão dos Circuitos'!K22 -> 10.909091 | J24: ='Capac.Cond.Corre.'!E22 -> 1 | K24: ='Capac.Cond.Corre.'!G22 -> 1 | L24: ='Queda de Tensão'!H22 -> 25.8 | M24: =Sobrecarga!Q22 -> 2.5 | N24: ='Divisão dos Circuitos'!L22 -> 1 | O24: ='Divisão dos Circuitos'!M22 -> 16 | P24: ='Divisão dos Circuitos'!N22 -> 2 | Q24: ='Divisão dos Circuitos'!O22 -> 25 | R24: R | S24: =IF(ISNUMBER(SEARCH("R", R24)), I24, 0) -> 10.909091 | T24: =IF(ISNUMBER(SEARCH("S", R24)), I24, 0) -> 0 | U24: =IF(ISNUMBER(SEARCH("T", R24)), I24, 0) -> 0
A25: ='Divisão dos Circuitos'!A23 -> 17 - TUGs | B25: ='Divisão dos Circuitos'!C23 -> QD2 | C25: ='Divisão dos Circuitos'!D23 -> Colagem e Montagem - Circuito 2 | D25: ='Divisão dos Circuitos'!H23 -> 1440 | E25: ='Divisão dos Circuitos'!I23 -> 1800 | F25: ='Divisão dos Circuitos'!J23 -> 1080 | G25: ='Divisão dos Circuitos'!G23 -> 0.8 | H25: =IF('Divisão dos Circuitos'!F23=1,"Monofásico",IF('Divisão dos Circuitos'!F23=2,"Bifásico","Trifásico")) -> Monofásico | I25: ='Divisão dos Circuitos'!K23 -> 8.1818182 | J25: ='Capac.Cond.Corre.'!E23 -> 1 | K25: ='Capac.Cond.Corre.'!G23 -> 1 | L25: ='Queda de Tensão'!H23 -> 18.5 | M25: =Sobrecarga!Q23 -> 2.5 | N25: ='Divisão dos Circuitos'!L23 -> 1 | O25: ='Divisão dos Circuitos'!M23 -> 10 | P25: ='Divisão dos Circuitos'!N23 -> 2 | Q25: ='Divisão dos Circuitos'!O23 -> 25 | R25: R | S25: =IF(ISNUMBER(SEARCH("R", R25)), I25, 0) -> 8.1818182 | T25: =IF(ISNUMBER(SEARCH("S", R25)), I25, 0) -> 0 | U25: =IF(ISNUMBER(SEARCH("T", R25)), I25, 0) -> 0
A26: ='Divisão dos Circuitos'!A24 -> 18 - TUGs | B26: ='Divisão dos Circuitos'!C24 -> QD2 | C26: ='Divisão dos Circuitos'!D24 -> Sistemas de Serra - Circuito 1 | D26: ='Divisão dos Circuitos'!H24 -> 1920 | E26: ='Divisão dos Circuitos'!I24 -> 2400 | F26: ='Divisão dos Circuitos'!J24 -> 1440 | G26: ='Divisão dos Circuitos'!G24 -> 0.8 | H26: =IF('Divisão dos Circuitos'!F24=1,"Monofásico",IF('Divisão dos Circuitos'!F24=2,"Bifásico","Trifásico")) -> Monofásico | I26: ='Divisão dos Circuitos'!K24 -> 10.909091 | J26: ='Capac.Cond.Corre.'!E24 -> 1 | K26: ='Capac.Cond.Corre.'!G24 -> 1 | L26: ='Queda de Tensão'!H24 -> 42.7 | M26: =Sobrecarga!Q24 -> 4 | N26: ='Divisão dos Circuitos'!L24 -> 1 | O26: ='Divisão dos Circuitos'!M24 -> 16 | P26: ='Divisão dos Circuitos'!N24 -> 2 | Q26: ='Divisão dos Circuitos'!O24 -> 25 | R26: S | S26: =IF(ISNUMBER(SEARCH("R", R26)), I26, 0) -> 0 | T26: =IF(ISNUMBER(SEARCH("S", R26)), I26, 0) -> 10.909091 | U26: =IF(ISNUMBER(SEARCH("T", R26)), I26, 0) -> 0
A27: ='Divisão dos Circuitos'!A25 -> 19 - TUGs | B27: ='Divisão dos Circuitos'!C25 -> QD2 | C27: ='Divisão dos Circuitos'!D25 -> Sistemas de Serra - Circuito 2 | D27: ='Divisão dos Circuitos'!H25 -> 1440 | E27: ='Divisão dos Circuitos'!I25 -> 1800 | F27: ='Divisão dos Circuitos'!J25 -> 1080 | G27: ='Divisão dos Circuitos'!G25 -> 0.8 | H27: =IF('Divisão dos Circuitos'!F25=1,"Monofásico",IF('Divisão dos Circuitos'!F25=2,"Bifásico","Trifásico")) -> Monofásico | I27: ='Divisão dos Circuitos'!K25 -> 8.1818182 | J27: ='Capac.Cond.Corre.'!E25 -> 1 | K27: ='Capac.Cond.Corre.'!G25 -> 1 | L27: ='Queda de Tensão'!H25 -> 39.5 | M27: =Sobrecarga!Q25 -> 2.5 | N27: ='Divisão dos Circuitos'!L25 -> 1 | O27: ='Divisão dos Circuitos'!M25 -> 10 | P27: ='Divisão dos Circuitos'!N25 -> 2 | Q27: ='Divisão dos Circuitos'!O25 -> 25 | R27: S | S27: =IF(ISNUMBER(SEARCH("R", R27)), I27, 0) -> 0 | T27: =IF(ISNUMBER(SEARCH("S", R27)), I27, 0) -> 8.1818182 | U27: =IF(ISNUMBER(SEARCH("T", R27)), I27, 0) -> 0
A28: ='Divisão dos Circuitos'!A26 -> 20 - TUGs | B28: ='Divisão dos Circuitos'!C26 -> QD2 | C28: ='Divisão dos Circuitos'!D26 -> Inspeção Final - Circuito 1 | D28: ='Divisão dos Circuitos'!H26 -> 1440 | E28: ='Divisão dos Circuitos'!I26 -> 1800 | F28: ='Divisão dos Circuitos'!J26 -> 1080 | G28: ='Divisão dos Circuitos'!G26 -> 0.8 | H28: =IF('Divisão dos Circuitos'!F26=1,"Monofásico",IF('Divisão dos Circuitos'!F26=2,"Bifásico","Trifásico")) -> Monofásico | I28: ='Divisão dos Circuitos'!K26 -> 8.1818182 | J28: ='Capac.Cond.Corre.'!E26 -> 1 | K28: ='Capac.Cond.Corre.'!G26 -> 1 | L28: ='Queda de Tensão'!H26 -> 30.4 | M28: =Sobrecarga!Q26 -> 2.5 | N28: ='Divisão dos Circuitos'!L26 -> 1 | O28: ='Divisão dos Circuitos'!M26 -> 10 | P28: ='Divisão dos Circuitos'!N26 -> 2 | Q28: ='Divisão dos Circuitos'!O26 -> 25 | R28: T | S28: =IF(ISNUMBER(SEARCH("R", R28)), I28, 0) -> 0 | T28: =IF(ISNUMBER(SEARCH("S", R28)), I28, 0) -> 0 | U28: =IF(ISNUMBER(SEARCH("T", R28)), I28, 0) -> 8.1818182
A29: ='Divisão dos Circuitos'!A27 -> 21 - TUGs | B29: ='Divisão dos Circuitos'!C27 -> QD2 | C29: ='Divisão dos Circuitos'!D27 -> Inspeção Final - Circuito 2 | D29: ='Divisão dos Circuitos'!H27 -> 1440 | E29: ='Divisão dos Circuitos'!I27 -> 1800 | F29: ='Divisão dos Circuitos'!J27 -> 1080 | G29: ='Divisão dos Circuitos'!G27 -> 0.8 | H29: =IF('Divisão dos Circuitos'!F27=1,"Monofásico",IF('Divisão dos Circuitos'!F27=2,"Bifásico","Trifásico")) -> Monofásico | I29: ='Divisão dos Circuitos'!K27 -> 8.1818182 | J29: ='Capac.Cond.Corre.'!E27 -> 1 | K29: ='Capac.Cond.Corre.'!G27 -> 1 | L29: ='Queda de Tensão'!H27 -> 34.4 | M29: =Sobrecarga!Q27 -> 2.5 | N29: ='Divisão dos Circuitos'!L27 -> 1 | O29: ='Divisão dos Circuitos'!M27 -> 10 | P29: ='Divisão dos Circuitos'!N27 -> 2 | Q29: ='Divisão dos Circuitos'!O27 -> 25 | R29: R | S29: =IF(ISNUMBER(SEARCH("R", R29)), I29, 0) -> 8.1818182 | T29: =IF(ISNUMBER(SEARCH("S", R29)), I29, 0) -> 0 | U29: =IF(ISNUMBER(SEARCH("T", R29)), I29, 0) -> 0
A30: ='Divisão dos Circuitos'!A28 -> 24 - TUGs Trifásicas | B30: ='Divisão dos Circuitos'!C28 -> QD2 | C30: ='Divisão dos Circuitos'!D28 -> Colagem e Montagem - Circuito 1 | D30: ='Divisão dos Circuitos'!H28 -> 9600 | E30: ='Divisão dos Circuitos'!I28 -> 12000 | F30: ='Divisão dos Circuitos'!J28 -> 7200 | G30: ='Divisão dos Circuitos'!G28 -> 0.8 | H30: =IF('Divisão dos Circuitos'!F28=1,"Monofásico",IF('Divisão dos Circuitos'!F28=2,"Bifásico","Trifásico")) -> Trifásico | I30: ='Divisão dos Circuitos'!K28 -> 18.232114 | J30: ='Capac.Cond.Corre.'!E28 -> 1 | K30: ='Capac.Cond.Corre.'!G28 -> 1 | L30: ='Queda de Tensão'!H28 -> 23.9 | M30: =Sobrecarga!Q28 -> 2.5 | N30: ='Divisão dos Circuitos'!L28 -> 3 | O30: ='Divisão dos Circuitos'!M28 -> 20 | P30: ='Divisão dos Circuitos'!N28 -> 4 | Q30: ='Divisão dos Circuitos'!O28 -> 25 | R30: R-S-T | S30: =IF(ISNUMBER(SEARCH("R", R30)), I30, 0) -> 18.232114 | T30: =IF(ISNUMBER(SEARCH("S", R30)), I30, 0) -> 18.232114 | U30: =IF(ISNUMBER(SEARCH("T", R30)), I30, 0) -> 18.232114
A31: ='Divisão dos Circuitos'!A29 -> 25 - TUGs Trifásicas | B31: ='Divisão dos Circuitos'!C29 -> QD2 | C31: ='Divisão dos Circuitos'!D29 -> Colagem e Montagem - Circuito 2 | D31: ='Divisão dos Circuitos'!H29 -> 9600 | E31: ='Divisão dos Circuitos'!I29 -> 12000 | F31: ='Divisão dos Circuitos'!J29 -> 7200 | G31: ='Divisão dos Circuitos'!G29 -> 0.8 | H31: =IF('Divisão dos Circuitos'!F29=1,"Monofásico",IF('Divisão dos Circuitos'!F29=2,"Bifásico","Trifásico")) -> Trifásico | I31: ='Divisão dos Circuitos'!K29 -> 18.232114 | J31: ='Capac.Cond.Corre.'!E29 -> 1 | K31: ='Capac.Cond.Corre.'!G29 -> 1 | L31: ='Queda de Tensão'!H29 -> 16.6 | M31: =Sobrecarga!Q29 -> 2.5 | N31: ='Divisão dos Circuitos'!L29 -> 3 | O31: ='Divisão dos Circuitos'!M29 -> 20 | P31: ='Divisão dos Circuitos'!N29 -> 4 | Q31: ='Divisão dos Circuitos'!O29 -> 25 | R31: R-S-T | S31: =IF(ISNUMBER(SEARCH("R", R31)), I31, 0) -> 18.232114 | T31: =IF(ISNUMBER(SEARCH("S", R31)), I31, 0) -> 18.232114 | U31: =IF(ISNUMBER(SEARCH("T", R31)), I31, 0) -> 18.232114
A32: ='Divisão dos Circuitos'!A30 -> 26 - TUGs Trifásicas | B32: ='Divisão dos Circuitos'!C30 -> QD2 | C32: ='Divisão dos Circuitos'!D30 -> Sistemas de Serra - Circuito 1 | D32: ='Divisão dos Circuitos'!H30 -> 9600 | E32: ='Divisão dos Circuitos'!I30 -> 12000 | F32: ='Divisão dos Circuitos'!J30 -> 7200 | G32: ='Divisão dos Circuitos'!G30 -> 0.8 | H32: =IF('Divisão dos Circuitos'!F30=1,"Monofásico",IF('Divisão dos Circuitos'!F30=2,"Bifásico","Trifásico")) -> Trifásico | I32: ='Divisão dos Circuitos'!K30 -> 18.232114 | J32: ='Capac.Cond.Corre.'!E30 -> 1 | K32: ='Capac.Cond.Corre.'!G30 -> 1 | L32: ='Queda de Tensão'!H30 -> 44.3 | M32: =Sobrecarga!Q30 -> 4 | N32: ='Divisão dos Circuitos'!L30 -> 3 | O32: ='Divisão dos Circuitos'!M30 -> 20 | P32: ='Divisão dos Circuitos'!N30 -> 4 | Q32: ='Divisão dos Circuitos'!O30 -> 25 | R32: R-S-T | S32: =IF(ISNUMBER(SEARCH("R", R32)), I32, 0) -> 18.232114 | T32: =IF(ISNUMBER(SEARCH("S", R32)), I32, 0) -> 18.232114 | U32: =IF(ISNUMBER(SEARCH("T", R32)), I32, 0) -> 18.232114
... A37: ='Divisão dos Circuitos'!A35 -> 49 - TUE Bancada 6 | B37: ='Divisão dos Circuitos'!C35 -> QD2 | C37: ='Divisão dos Circuitos'!D35 -> Bancada 6 | D37: ='Divisão dos Circuitos'!H35 -> 5440 | E37: ='Divisão dos Circuitos'!I35 -> 6800 | F37: ='Divisão dos Circuitos'!J35 -> 4080 | G37: ='Divisão dos Circuitos'!G35 -> 0.8 | H37: =IF('Divisão dos Circuitos'!F35=1,"Monofásico",IF('Divisão dos Circuitos'!F35=2,"Bifásico","Trifásico")) -> Bifásico | I37: ='Divisão dos Circuitos'!K35 -> 17.894737 | J37: ='Capac.Cond.Corre.'!E35 -> 1 | K37: ='Capac.Cond.Corre.'!G35 -> 1 | L37: ='Queda de Tensão'!H35 -> 36 | M37: =Sobrecarga!Q35 -> 2.5 | N37: ='Divisão dos Circuitos'!L35 -> 2 | O37: ='Divisão dos Circuitos'!M35 -> 20 | P37: ='Divisão dos Circuitos'!N35 -> 2 | Q37: ='Divisão dos Circuitos'!O35 -> 25 | R37: R-S | S37: =IF(ISNUMBER(SEARCH("R", R37)), I37, 0) -> 17.894737 | T37: =IF(ISNUMBER(SEARCH("S", R37)), I37, 0) -> 17.894737 | U37: =IF(ISNUMBER(SEARCH("T", R37)), I37, 0) -> 0
A38: TOTAL QD2 | D38: =SUM(D21:D37) -> 77625.1 | E38: =SUM(E21:E37) -> 95482.538 | F38: =SUM(F21:F37) -> 54400.025 | N38: Corrente Total por Fase [A]: | S38: =SUM(S21:S37) -> 145.44409 | T38: =SUM(T21:T37) -> 144.85043 | U38: =SUM(U21:U37) -> 149.42728
A39: QD3 - QUADRO DE DISTRIBUIÇÃO 3
A40: ='Divisão dos Circuitos'!A37 -> 03 - Iluminação | B40: ='Divisão dos Circuitos'!C37 -> QD3 | C40: ='Divisão dos Circuitos'!D37 -> Sala de Estar, Reuniões, Recepção, Copa | D40: ='Divisão dos Circuitos'!H37 -> 1940.4 | E40: ='Divisão dos Circuitos'!I37 -> 1960 | F40: ='Divisão dos Circuitos'!J37 -> 276.49203 | G40: ='Divisão dos Circuitos'!G37 -> 0.99 | H40: =IF('Divisão dos Circuitos'!F37=1,"Monofásico",IF('Divisão dos Circuitos'!F37=2,"Bifásico","Trifásico")) -> Monofásico | I40: ='Divisão dos Circuitos'!K37 -> 8.9090909 | J40: ='Capac.Cond.Corre.'!E37 -> 1 | K40: ='Capac.Cond.Corre.'!G37 -> 0.7 | L40: ='Queda de Tensão'!H37 -> 20.1 | M40: =Sobrecarga!Q37 -> 1.5 | N40: ='Divisão dos Circuitos'!L37 -> 1 | O40: ='Divisão dos Circuitos'!M37 -> 10 | P40: ='Divisão dos Circuitos'!N37 -> 2 | Q40: ='Divisão dos Circuitos'!O37 -> 25 | R40: R | S40: =IF(ISNUMBER(SEARCH("R", R40)), I40, 0) -> 8.9090909 | T40: =IF(ISNUMBER(SEARCH("S", R40)), I40, 0) -> 0 | U40: =IF(ISNUMBER(SEARCH("T", R40)), I40, 0) -> 0
A41: ='Divisão dos Circuitos'!A38 -> 06 - TUGs | B41: ='Divisão dos Circuitos'!C38 -> QD3 | C41: ='Divisão dos Circuitos'!D38 -> Copa | D41: ='Divisão dos Circuitos'!H38 -> 1600 | E41: ='Divisão dos Circuitos'!I38 -> 2000 | F41: ='Divisão dos Circuitos'!J38 -> 1200 | G41: ='Divisão dos Circuitos'!G38 -> 0.8 | H41: =IF('Divisão dos Circuitos'!F38=1,"Monofásico",IF('Divisão dos Circuitos'!F38=2,"Bifásico","Trifásico")) -> Monofásico | I41: ='Divisão dos Circuitos'!K38 -> 9.0909091 | J41: ='Capac.Cond.Corre.'!E38 -> 1 | K41: ='Capac.Cond.Corre.'!G38 -> 0.8 | L41: ='Queda de Tensão'!H38 -> 13.1 | M41: =Sobrecarga!Q38 -> 2.5 | N41: ='Divisão dos Circuitos'!L38 -> 1 | O41: ='Divisão dos Circuitos'!M38 -> 10 | P41: ='Divisão dos Circuitos'!N38 -> 2 | Q41: ='Divisão dos Circuitos'!O38 -> 25 | R41: T | S41: =IF(ISNUMBER(SEARCH("R", R41)), I41, 0) -> 0 | T41: =IF(ISNUMBER(SEARCH("S", R41)), I41, 0) -> 0 | U41: =IF(ISNUMBER(SEARCH("T", R41)), I41, 0) -> 9.0909091
A42: ='Divisão dos Circuitos'!A39 -> 08 - TUGs | B42: ='Divisão dos Circuitos'!C39 -> QD3 | C42: ='Divisão dos Circuitos'!D39 -> Sanitários Administrativos (BWC 3 e 4) | D42: ='Divisão dos Circuitos'!H39 -> 960 | E42: ='Divisão dos Circuitos'!I39 -> 1200 | F42: ='Divisão dos Circuitos'!J39 -> 720 | G42: ='Divisão dos Circuitos'!G39 -> 0.8 | H42: =IF('Divisão dos Circuitos'!F39=1,"Monofásico",IF('Divisão dos Circuitos'!F39=2,"Bifásico","Trifásico")) -> Monofásico | I42: ='Divisão dos Circuitos'!K39 -> 5.4545455 | J42: ='Capac.Cond.Corre.'!E39 -> 1 | K42: ='Capac.Cond.Corre.'!G39 -> 0.7 | L42: ='Queda de Tensão'!H39 -> 28 | M42: =Sobrecarga!Q39 -> 2.5 | N42: ='Divisão dos Circuitos'!L39 -> 1 | O42: ='Divisão dos Circuitos'!M39 -> 10 | P42: ='Divisão dos Circuitos'!N39 -> 2 | Q42: ='Divisão dos Circuitos'!O39 -> 25 | R42: R | S42: =IF(ISNUMBER(SEARCH("R", R42)), I42, 0) -> 5.4545455 | T42: =IF(ISNUMBER(SEARCH("S", R42)), I42, 0) -> 0 | U42: =IF(ISNUMBER(SEARCH("T", R42)), I42, 0) -> 0
A43: ='Divisão dos Circuitos'!A40 -> 10 - TUGs | B43: ='Divisão dos Circuitos'!C40 -> QD3 | C43: ='Divisão dos Circuitos'!D40 -> Sala de Estar, Sala de Reuniões | D43: ='Divisão dos Circuitos'!H40 -> 2320 | E43: ='Divisão dos Circuitos'!I40 -> 2900 | F43: ='Divisão dos Circuitos'!J40 -> 1740 | G43: ='Divisão dos Circuitos'!G40 -> 0.8 | H43: =IF('Divisão dos Circuitos'!F40=1,"Monofásico",IF('Divisão dos Circuitos'!F40=2,"Bifásico","Trifásico")) -> Monofásico | I43: ='Divisão dos Circuitos'!K40 -> 13.181818 | J43: ='Capac.Cond.Corre.'!E40 -> 1 | K43: ='Capac.Cond.Corre.'!G40 -> 0.7 | L43: ='Queda de Tensão'!H40 -> 33.2 | M43: =Sobrecarga!Q40 -> 4 | N43: ='Divisão dos Circuitos'!L40 -> 1 | O43: ='Divisão dos Circuitos'!M40 -> 16 | P43: ='Divisão dos Circuitos'!N40 -> 2 | Q43: ='Divisão dos Circuitos'!O40 -> 25 | R43: S | S43: =IF(ISNUMBER(SEARCH("R", R43)), I43, 0) -> 0 | T43: =IF(ISNUMBER(SEARCH("S", R43)), I43, 0) -> 13.181818 | U43: =IF(ISNUMBER(SEARCH("T", R43)), I43, 0) -> 0
A44: ='Divisão dos Circuitos'!A41 -> 11 - TUGs | B44: ='Divisão dos Circuitos'!C41 -> QD3 | C44: ='Divisão dos Circuitos'!D41 -> Circulação 2 e 3 | D44: ='Divisão dos Circuitos'!H41 -> 1120 | E44: ='Divisão dos Circuitos'!I41 -> 1400 | F44: ='Divisão dos Circuitos'!J41 -> 840 | G44: ='Divisão dos Circuitos'!G41 -> 0.8 | H44: =IF('Divisão dos Circuitos'!F41=1,"Monofásico",IF('Divisão dos Circuitos'!F41=2,"Bifásico","Trifásico")) -> Monofásico | I44: ='Divisão dos Circuitos'!K41 -> 6.3636364 | J44: ='Capac.Cond.Corre.'!E41 -> 1 | K44: ='Capac.Cond.Corre.'!G41 -> 0.7 | L44: ='Queda de Tensão'!H41 -> 27 | M44: =Sobrecarga!Q41 -> 2.5 | N44: ='Divisão dos Circuitos'!L41 -> 1 | O44: ='Divisão dos Circuitos'!M41 -> 10 | P44: ='Divisão dos Circuitos'!N41 -> 2 | Q44: ='Divisão dos Circuitos'!O41 -> 25 | R44: S | S44: =IF(ISNUMBER(SEARCH("R", R44)), I44, 0) -> 0 | T44: =IF(ISNUMBER(SEARCH("S", R44)), I44, 0) -> 6.3636364 | U44: =IF(ISNUMBER(SEARCH("T", R44)), I44, 0) -> 0
A45: ='Divisão dos Circuitos'!A42 -> 31 - TUE | B45: ='Divisão dos Circuitos'!C42 -> QD3 | C45: ='Divisão dos Circuitos'!D42 -> Secadores de Mãos - BWC 3 e 4 | D45: ='Divisão dos Circuitos'!H42 -> 3000 | E45: ='Divisão dos Circuitos'!I42 -> 3061.2245 | F45: ='Divisão dos Circuitos'!J42 -> 609.17598 | G45: ='Divisão dos Circuitos'!G42 -> 0.98 | H45: =IF('Divisão dos Circuitos'!F42=1,"Monofásico",IF('Divisão dos Circuitos'!F42=2,"Bifásico","Trifásico")) -> Monofásico | I45: ='Divisão dos Circuitos'!K42 -> 13.914657 | J45: ='Capac.Cond.Corre.'!E42 -> 1 | K45: ='Capac.Cond.Corre.'!G42 -> 0.7 | L45: ='Queda de Tensão'!H42 -> 31.3 | M45: =Sobrecarga!Q42 -> 4 | N45: ='Divisão dos Circuitos'!L42 -> 1 | O45: ='Divisão dos Circuitos'!M42 -> 16 | P45: ='Divisão dos Circuitos'!N42 -> 2 | Q45: ='Divisão dos Circuitos'!O42 -> 25 | R45: S | S45: =IF(ISNUMBER(SEARCH("R", R45)), I45, 0) -> 0 | T45: =IF(ISNUMBER(SEARCH("S", R45)), I45, 0) -> 13.914657 | U45: =IF(ISNUMBER(SEARCH("T", R45)), I45, 0) -> 0
A46: ='Divisão dos Circuitos'!A43 -> 32 - TUE | B46: ='Divisão dos Circuitos'!C43 -> QD3 | C46: ='Divisão dos Circuitos'!D43 -> Ar Condicionado - Sala de Estar | D46: ='Divisão dos Circuitos'!H43 -> 1900 | E46: ='Divisão dos Circuitos'!I43 -> 2065.2174 | F46: ='Divisão dos Circuitos'!J43 -> 809.39661 | G46: ='Divisão dos Circuitos'!G43 -> 0.92 | H46: =IF('Divisão dos Circuitos'!F43=1,"Monofásico",IF('Divisão dos Circuitos'!F43=2,"Bifásico","Trifásico")) -> Monofásico | I46: ='Divisão dos Circuitos'!K43 -> 9.3873518 | J46: ='Capac.Cond.Corre.'!E43 -> 1 | K46: ='Capac.Cond.Corre.'!G43 -> 0.7 | L46: ='Queda de Tensão'!H43 -> 18.6 | M46: =Sobrecarga!Q43 -> 2.5 | N46: ='Divisão dos Circuitos'!L43 -> 1 | O46: ='Divisão dos Circuitos'!M43 -> 10 | P46: ='Divisão dos Circuitos'!N43 -> 2 | Q46: ='Divisão dos Circuitos'!O43 -> 25 | R46: T | S46: =IF(ISNUMBER(SEARCH("R", R46)), I46, 0) -> 0 | T46: =IF(ISNUMBER(SEARCH("S", R46)), I46, 0) -> 0 | U46: =IF(ISNUMBER(SEARCH("T", R46)), I46, 0) -> 9.3873518
A47: ='Divisão dos Circuitos'!A44 -> 33 - TUE | B47: ='Divisão dos Circuitos'!C44 -> QD3 | C47: ='Divisão dos Circuitos'!D44 -> Ar Condicionado - Sala de Reuniões | D47: ='Divisão dos Circuitos'!H44 -> 2500 | E47: ='Divisão dos Circuitos'!I44 -> 2717.3913 | F47: ='Divisão dos Circuitos'!J44 -> 1064.9955 | G47: ='Divisão dos Circuitos'!G44 -> 0.92 | H47: =IF('Divisão dos Circuitos'!F44=1,"Monofásico",IF('Divisão dos Circuitos'!F44=2,"Bifásico","Trifásico")) -> Monofásico | I47: ='Divisão dos Circuitos'!K44 -> 12.351779 | J47: ='Capac.Cond.Corre.'!E44 -> 1 | K47: ='Capac.Cond.Corre.'!G44 -> 0.7 | L47: ='Queda de Tensão'!H44 -> 22.5 | M47: =Sobrecarga!Q44 -> 2.5 | N47: ='Divisão dos Circuitos'!L44 -> 1 | O47: ='Divisão dos Circuitos'!M44 -> 16 | P47: ='Divisão dos Circuitos'!N44 -> 2 | Q47: ='Divisão dos Circuitos'!O44 -> 25 | R47: R | S47: =IF(ISNUMBER(SEARCH("R", R47)), I47, 0) -> 12.351779 | T47: =IF(ISNUMBER(SEARCH("S", R47)), I47, 0) -> 0 | U47: =IF(ISNUMBER(SEARCH("T", R47)), I47, 0) -> 0
A48: ='Divisão dos Circuitos'!A45 -> 34 - TUE | B48: ='Divisão dos Circuitos'!C45 -> QD3 | C48: ='Divisão dos Circuitos'!D45 -> Ar Condicionado - Recepção | D48: ='Divisão dos Circuitos'!H45 -> 1400 | E48: ='Divisão dos Circuitos'!I45 -> 1521.7391 | F48: ='Divisão dos Circuitos'!J45 -> 596.3975 | G48: ='Divisão dos Circuitos'!G45 -> 0.92 | H48: =IF('Divisão dos Circuitos'!F45=1,"Monofásico",IF('Divisão dos Circuitos'!F45=2,"Bifásico","Trifásico")) -> Monofásico | I48: ='Divisão dos Circuitos'!K45 -> 6.916996 | J48: ='Capac.Cond.Corre.'!E45 -> 1 | K48: ='Capac.Cond.Corre.'!G45 -> 0.7 | L48: ='Queda de Tensão'!H45 -> 15.8 | M48: =Sobrecarga!Q45 -> 2.5 | N48: ='Divisão dos Circuitos'!L45 -> 1 | O48: ='Divisão dos Circuitos'!M45 -> 10 | P48: ='Divisão dos Circuitos'!N45 -> 2 | Q48: ='Divisão dos Circuitos'!O45 -> 25 | R48: T | S48: =IF(ISNUMBER(SEARCH("R", R48)), I48, 0) -> 0 | T48: =IF(ISNUMBER(SEARCH("S", R48)), I48, 0) -> 0 | U48: =IF(ISNUMBER(SEARCH("T", R48)), I48, 0) -> 6.916996
A49: ='Divisão dos Circuitos'!A46 -> 42 - TUGs | B49: ='Divisão dos Circuitos'!C46 -> QD3 | C49: ='Divisão dos Circuitos'!D46 -> Recepção, Ante Sala | D49: ='Divisão dos Circuitos'!H46 -> 1360 | E49: ='Divisão dos Circuitos'!I46 -> 1700 | F49: ='Divisão dos Circuitos'!J46 -> 1020 | G49: ='Divisão dos Circuitos'!G46 -> 0.8 | H49: =IF('Divisão dos Circuitos'!F46=1,"Monofásico",IF('Divisão dos Circuitos'!F46=2,"Bifásico","Trifásico")) -> Monofásico | I49: ='Divisão dos Circuitos'!K46 -> 7.7272727 | J49: ='Capac.Cond.Corre.'!E46 -> 1 | K49: ='Capac.Cond.Corre.'!G46 -> 0.7 | L49: ='Queda de Tensão'!H46 -> 28.8 | M49: =Sobrecarga!Q46 -> 2.5 | N49: ='Divisão dos Circuitos'!L46 -> 1 | O49: ='Divisão dos Circuitos'!M46 -> 10 | P49: ='Divisão dos Circuitos'!N46 -> 2 | Q49: ='Divisão dos Circuitos'!O46 -> 25 | R49: T | S49: =IF(ISNUMBER(SEARCH("R", R49)), I49, 0) -> 0 | T49: =IF(ISNUMBER(SEARCH("S", R49)), I49, 0) -> 0 | U49: =IF(ISNUMBER(SEARCH("T", R49)), I49, 0) -> 7.7272727
A50: ='Divisão dos Circuitos'!A47 -> 43 - Iluminação | B50: ='Divisão dos Circuitos'!C47 -> QD3 | C50: ='Divisão dos Circuitos'!D47 -> Ante Sala, Circulação 2, Circulação 3, BWC 3 e 4 | D50: ='Divisão dos Circuitos'!H47 -> 1445.4 | E50: ='Divisão dos Circuitos'!I47 -> 1460 | F50: ='Divisão dos Circuitos'!J47 -> 205.95835 | G50: ='Divisão dos Circuitos'!G47 -> 0.99 | H50: =IF('Divisão dos Circuitos'!F47=1,"Monofásico",IF('Divisão dos Circuitos'!F47=2,"Bifásico","Trifásico")) -> Monofásico | I50: ='Divisão dos Circuitos'!K47 -> 6.6363636 | J50: ='Capac.Cond.Corre.'!E47 -> 1 | K50: ='Capac.Cond.Corre.'!G47 -> 0.7 | L50: ='Queda de Tensão'!H47 -> 29.2 | M50: =Sobrecarga!Q47 -> 1.5 | N50: ='Divisão dos Circuitos'!L47 -> 1 | O50: ='Divisão dos Circuitos'!M47 -> 10 | P50: ='Divisão dos Circuitos'!N47 -> 2 | Q50: ='Divisão dos Circuitos'!O47 -> 25 | R50: R | S50: =IF(ISNUMBER(SEARCH("R", R50)), I50, 0) -> 6.6363636 | T50: =IF(ISNUMBER(SEARCH("S", R50)), I50, 0) -> 0 | U50: =IF(ISNUMBER(SEARCH("T", R50)), I50, 0) -> 0
A51: TOTAL QD3 | D51: =SUM(D40:D50) -> 19545.8 | E51: =SUM(E40:E50) -> 21985.572 | F51: =SUM(F40:F50) -> 9082.416 | N51: Corrente Total por Fase [A]: | S51: =SUM(S40:S50) -> 33.351779 | T51: =SUM(T40:T50) -> 33.460111 | U51: =SUM(U40:U50) -> 33.12253
A52: QD4 - QUADRO DE DISTRIBUIÇÃO 4
A53: ='Divisão dos Circuitos'!A49 -> 04 - Iluminação | B53: ='Divisão dos Circuitos'!C49 -> QD4 | C53: ='Divisão dos Circuitos'!D49 -> Circulação 1, Vídeo Conferência, Presidência, Diretoria Técnica, Depósito, Subestação | D53: ='Divisão dos Circuitos'!H49 -> 2376 | E53: ='Divisão dos Circuitos'!I49 -> 2400 | F53: ='Divisão dos Circuitos'!J49 -> 338.56166 | G53: ='Divisão dos Circuitos'!G49 -> 0.99 | H53: =IF('Divisão dos Circuitos'!F49=1,"Monofásico",IF('Divisão dos Circuitos'!F49=2,"Bifásico","Trifásico")) -> Monofásico | I53: ='Divisão dos Circuitos'!K49 -> 10.909091 | J53: ='Capac.Cond.Corre.'!E49 -> 1 | K53: ='Capac.Cond.Corre.'!G49 -> 0.7 | L53: ='Queda de Tensão'!H49 -> 19.4 | M53: =Sobrecarga!Q49 -> 2.5 | N53: ='Divisão dos Circuitos'!L49 -> 1 | O53: ='Divisão dos Circuitos'!M49 -> 16 | P53: ='Divisão dos Circuitos'!N49 -> 2 | Q53: ='Divisão dos Circuitos'!O49 -> 25 | R53: R | S53: =IF(ISNUMBER(SEARCH("R", R53)), I53, 0) -> 10.909091 | T53: =IF(ISNUMBER(SEARCH("S", R53)), I53, 0) -> 0 | U53: =IF(ISNUMBER(SEARCH("T", R53)), I53, 0) -> 0
A54: ='Divisão dos Circuitos'!A50 -> 09 - TUGs | B54: ='Divisão dos Circuitos'!C50 -> QD4 | C54: ='Divisão dos Circuitos'!D50 -> Vídeo Conferência, Presidência | D54: ='Divisão dos Circuitos'!H50 -> 2080 | E54: ='Divisão dos Circuitos'!I50 -> 2600 | F54: ='Divisão dos Circuitos'!J50 -> 1560 | G54: ='Divisão dos Circuitos'!G50 -> 0.8 | H54: =IF('Divisão dos Circuitos'!F50=1,"Monofásico",IF('Divisão dos Circuitos'!F50=2,"Bifásico","Trifásico")) -> Monofásico | I54: ='Divisão dos Circuitos'!K50 -> 11.818182 | J54: ='Capac.Cond.Corre.'!E50 -> 1 | K54: ='Capac.Cond.Corre.'!G50 -> 0.7 | L54: ='Queda de Tensão'!H50 -> 27.2 | M54: =Sobrecarga!Q50 -> 2.5 | N54: ='Divisão dos Circuitos'!L50 -> 1 | O54: ='Divisão dos Circuitos'!M50 -> 16 | P54: ='Divisão dos Circuitos'!N50 -> 2 | Q54: ='Divisão dos Circuitos'!O50 -> 25 | R54: T | S54: =IF(ISNUMBER(SEARCH("R", R54)), I54, 0) -> 0 | T54: =IF(ISNUMBER(SEARCH("S", R54)), I54, 0) -> 0 | U54: =IF(ISNUMBER(SEARCH("T", R54)), I54, 0) -> 11.818182
A55: ='Divisão dos Circuitos'!A51 -> 28 - TUE | B55: ='Divisão dos Circuitos'!C51 -> QD4 | C55: ='Divisão dos Circuitos'!D51 -> Depósito | D55: ='Divisão dos Circuitos'!H51 -> 6000 | E55: ='Divisão dos Circuitos'!I51 -> 6000 | F55: ='Divisão dos Circuitos'!J51 -> 0 | G55: ='Divisão dos Circuitos'!G51 -> 1 | H55: =IF('Divisão dos Circuitos'!F51=1,"Monofásico",IF('Divisão dos Circuitos'!F51=2,"Bifásico","Trifásico")) -> Monofásico | I55: ='Divisão dos Circuitos'!K51 -> 27.272727 | J55: ='Capac.Cond.Corre.'!E51 -> 1 | K55: ='Capac.Cond.Corre.'!G51 -> 0.7 | L55: ='Queda de Tensão'!H51 -> 8.8 | M55: =Sobrecarga!Q51 -> 10 | N55: ='Divisão dos Circuitos'!L51 -> 1 | O55: ='Divisão dos Circuitos'!M51 -> 32 | P55: ='Divisão dos Circuitos'!N51 -> 2 | Q55: ='Divisão dos Circuitos'!O51 -> 40 | R55: R | S55: =IF(ISNUMBER(SEARCH("R", R55)), I55, 0) -> 27.272727 | T55: =IF(ISNUMBER(SEARCH("S", R55)), I55, 0) -> 0 | U55: =IF(ISNUMBER(SEARCH("T", R55)), I55, 0) -> 0
A56: ='Divisão dos Circuitos'!A52 -> 29 - TUE | B56: ='Divisão dos Circuitos'!C52 -> QD4 | C56: ='Divisão dos Circuitos'!D52 -> Subestação | D56: ='Divisão dos Circuitos'!H52 -> 6000 | E56: ='Divisão dos Circuitos'!I52 -> 6000 | F56: ='Divisão dos Circuitos'!J52 -> 0 | G56: ='Divisão dos Circuitos'!G52 -> 1 | H56: =IF('Divisão dos Circuitos'!F52=1,"Monofásico",IF('Divisão dos Circuitos'!F52=2,"Bifásico","Trifásico")) -> Monofásico | I56: ='Divisão dos Circuitos'!K52 -> 27.272727 | J56: ='Capac.Cond.Corre.'!E52 -> 1 | K56: ='Capac.Cond.Corre.'!G52 -> 0.7 | L56: ='Queda de Tensão'!H52 -> 15.8 | M56: =Sobrecarga!Q52 -> 10 | N56: ='Divisão dos Circuitos'!L52 -> 1 | O56: ='Divisão dos Circuitos'!M52 -> 32 | P56: ='Divisão dos Circuitos'!N52 -> 2 | Q56: ='Divisão dos Circuitos'!O52 -> 40 | R56: T | S56: =IF(ISNUMBER(SEARCH("R", R56)), I56, 0) -> 0 | T56: =IF(ISNUMBER(SEARCH("S", R56)), I56, 0) -> 0 | U56: =IF(ISNUMBER(SEARCH("T", R56)), I56, 0) -> 27.272727
A57: ='Divisão dos Circuitos'!A53 -> 35 - TUE | B57: ='Divisão dos Circuitos'!C53 -> QD4 | C57: ='Divisão dos Circuitos'!D53 -> Ar Condicionado - Vídeo Conferência | D57: ='Divisão dos Circuitos'!H53 -> 1900 | E57: ='Divisão dos Circuitos'!I53 -> 2065.2174 | F57: ='Divisão dos Circuitos'!J53 -> 809.39661 | G57: ='Divisão dos Circuitos'!G53 -> 0.92 | H57: =IF('Divisão dos Circuitos'!F53=1,"Monofásico",IF('Divisão dos Circuitos'!F53=2,"Bifásico","Trifásico")) -> Monofásico | I57: ='Divisão dos Circuitos'!K53 -> 9.3873518 | J57: ='Capac.Cond.Corre.'!E53 -> 1 | K57: ='Capac.Cond.Corre.'!G53 -> 0.7 | L57: ='Queda de Tensão'!H53 -> 15.5 | M57: =Sobrecarga!Q53 -> 2.5 | N57: ='Divisão dos Circuitos'!L53 -> 1 | O57: ='Divisão dos Circuitos'!M53 -> 10 | P57: ='Divisão dos Circuitos'!N53 -> 2 | Q57: ='Divisão dos Circuitos'!O53 -> 25 | R57: S | S57: =IF(ISNUMBER(SEARCH("R", R57)), I57, 0) -> 0 | T57: =IF(ISNUMBER(SEARCH("S", R57)), I57, 0) -> 9.3873518 | U57: =IF(ISNUMBER(SEARCH("T", R57)), I57, 0) -> 0
A58: ='Divisão dos Circuitos'!A54 -> 36 - TUE | B58: ='Divisão dos Circuitos'!C54 -> QD4 | C58: ='Divisão dos Circuitos'!D54 -> Ar Condicionado - Presidência | D58: ='Divisão dos Circuitos'!H54 -> 1400 | E58: ='Divisão dos Circuitos'!I54 -> 1521.7391 | F58: ='Divisão dos Circuitos'!J54 -> 596.3975 | G58: ='Divisão dos Circuitos'!G54 -> 0.92 | H58: =IF('Divisão dos Circuitos'!F54=1,"Monofásico",IF('Divisão dos Circuitos'!F54=2,"Bifásico","Trifásico")) -> Monofásico | I58: ='Divisão dos Circuitos'!K54 -> 6.916996 | J58: ='Capac.Cond.Corre.'!E54 -> 1 | K58: ='Capac.Cond.Corre.'!G54 -> 0.8 | L58: ='Queda de Tensão'!H54 -> 16.8 | M58: =Sobrecarga!Q54 -> 2.5 | N58: ='Divisão dos Circuitos'!L54 -> 1 | O58: ='Divisão dos Circuitos'!M54 -> 10 | P58: ='Divisão dos Circuitos'!N54 -> 2 | Q58: ='Divisão dos Circuitos'!O54 -> 25 | R58: S | S58: =IF(ISNUMBER(SEARCH("R", R58)), I58, 0) -> 0 | T58: =IF(ISNUMBER(SEARCH("S", R58)), I58, 0) -> 6.916996 | U58: =IF(ISNUMBER(SEARCH("T", R58)), I58, 0) -> 0
A59: ='Divisão dos Circuitos'!A55 -> 37 - TUE | B59: ='Divisão dos Circuitos'!C55 -> QD4 | C59: ='Divisão dos Circuitos'!D55 -> Ar Condicionado - Diretoria Técnica | D59: ='Divisão dos Circuitos'!H55 -> 1400 | E59: ='Divisão dos Circuitos'!I55 -> 1521.7391 | F59: ='Divisão dos Circuitos'!J55 -> 596.3975 | G59: ='Divisão dos Circuitos'!G55 -> 0.92 | H59: =IF('Divisão dos Circuitos'!F55=1,"Monofásico",IF('Divisão dos Circuitos'!F55=2,"Bifásico","Trifásico")) -> Monofásico | I59: ='Divisão dos Circuitos'!K55 -> 6.916996 | J59: ='Capac.Cond.Corre.'!E55 -> 1 | K59: ='Capac.Cond.Corre.'!G55 -> 0.7 | L59: ='Queda de Tensão'!H55 -> 7 | M59: =Sobrecarga!Q55 -> 2.5 | N59: ='Divisão dos Circuitos'!L55 -> 1 | O59: ='Divisão dos Circuitos'!M55 -> 10 | P59: ='Divisão dos Circuitos'!N55 -> 2 | Q59: ='Divisão dos Circuitos'!O55 -> 25 | R59: S | S59: =IF(ISNUMBER(SEARCH("R", R59)), I59, 0) -> 0 | T59: =IF(ISNUMBER(SEARCH("S", R59)), I59, 0) -> 6.916996 | U59: =IF(ISNUMBER(SEARCH("T", R59)), I59, 0) -> 0
A60: ='Divisão dos Circuitos'!A56 -> 41 - TUGs | B60: ='Divisão dos Circuitos'!C56 -> QD4 | C60: ='Divisão dos Circuitos'!D56 -> Diretoria Técnica, Depósito, Circulação 1, Subestação | D60: ='Divisão dos Circuitos'!H56 -> 2640 | E60: ='Divisão dos Circuitos'!I56 -> 3300 | F60: ='Divisão dos Circuitos'!J56 -> 1980 | G60: ='Divisão dos Circuitos'!G56 -> 0.8 | H60: =IF('Divisão dos Circuitos'!F56=1,"Monofásico",IF('Divisão dos Circuitos'!F56=2,"Bifásico","Trifásico")) -> Monofásico | I60: ='Divisão dos Circuitos'!K56 -> 15 | J60: ='Capac.Cond.Corre.'!E56 -> 1 | K60: ='Capac.Cond.Corre.'!G56 -> 0.7 | L60: ='Queda de Tensão'!H56 -> 24.8 | M60: =Sobrecarga!Q56 -> 2.5 | N60: ='Divisão dos Circuitos'!L56 -> 1 | O60: ='Divisão dos Circuitos'!M56 -> 16 | P60: ='Divisão dos Circuitos'!N56 -> 2 | Q60: ='Divisão dos Circuitos'!O56 -> 25 | R60: S | S60: =IF(ISNUMBER(SEARCH("R", R60)), I60, 0) -> 0 | T60: =IF(ISNUMBER(SEARCH("S", R60)), I60, 0) -> 15 | U60: =IF(ISNUMBER(SEARCH("T", R60)), I60, 0) -> 0
A61: TOTAL QD4 | D61: =SUM(D53:D60) -> 23796 | E61: =SUM(E53:E60) -> 25408.696 | F61: =SUM(F53:F60) -> 5880.7533 | N61: Corrente Total por Fase [A]: | S61: =SUM(S53:S60) -> 38.181818 | T61: =SUM(T53:T60) -> 38.221344 | U61: =SUM(U53:U60) -> 39.090909
A62: TOTAL GERAL DA INSTALAÇÃO | D62: =D19+D38+D51+D61 -> 176927.9 | E62: =E19+E38+E51+E61 -> 212261.65 | F62: =F19+F38+F51+F61 -> 109899.62 | N62: Corrente Global por Fase [A]: | S62: =S19+S38+S51+S61 -> 323.54251 | T62: =T19+T38+T51+T61 -> 322.11874 | U62: =U19+U38+U51+U61 -> 325.47826
